timestamp,open,high,low,close,volume,trades
2023-07-23,7.77e-06,7.92e-06,7.72e-06,7.85e-06,1189684504616.0,25189
2023-07-24,7.86e-06,8.02e-06,7.58e-06,7.66e-06,3751476397828.0,68912
2023-07-25,7.67e-06,7.95e-06,7.65e-06,7.92e-06,3425283964672.0,61410
2023-07-26,7.92e-06,7.98e-06,7.71e-06,7.86e-06,2237214754774.0,45511
2023-07-27,7.86e-06,7.94e-06,7.73e-06,7.8e-06,1182639822386.0,26819
2023-07-28,7.8e-06,8.45e-06,7.77e-06,8.17e-06,5626621719634.0,102777
2023-07-29,8.17e-06,8.65e-06,8.13e-06,8.52e-06,4595943233029.0,82170
2023-07-30,8.52e-06,8.78e-06,8.08e-06,8.28e-06,5232440648171.0,92203
2023-07-31,8.28e-06,8.73e-06,8.22e-06,8.46e-06,3737504366228.0,73780
2023-08-01,8.46e-06,8.46e-06,8.11e-06,8.43e-06,2998791392055.0,56657
2023-08-02,8.43e-06,8.47e-06,8.08e-06,8.15e-06,2045971032036.0,42519
2023-08-03,8.16e-06,8.39e-06,8.12e-06,8.28e-06,2039858582449.0,38945
2023-08-04,8.29e-06,8.85e-06,8.28e-06,8.69e-06,5559703898680.0,94174
2023-08-05,8.69e-06,1.052e-05,8.65e-06,9.97e-06,24023783838865.0,399742
2023-08-06,9.97e-06,1.029e-05,9.2e-06,9.37e-06,9608180610980.0,197233
2023-08-07,9.38e-06,9.48e-06,8.76e-06,8.98e-06,6282667047055.0,110986
2023-08-08,8.97e-06,9.69e-06,8.87e-06,9.53e-06,7660022431340.0,130148
2023-08-09,9.53e-06,1.006e-05,9.41e-06,9.62e-06,8302282746896.0,150407
2023-08-10,9.63e-06,1.018e-05,9.57e-06,9.92e-06,6653731550887.0,118872
2023-08-11,9.92e-06,1.063e-05,9.78e-06,1.052e-05,8300370821779.0,143840
2023-08-12,1.052e-05,1.136e-05,1.044e-05,1.067e-05,14896630896565.0,266630
2023-08-13,1.067e-05,1.084e-05,1.013e-05,1.023e-05,7421707864499.0,134703
2023-08-14,1.023e-05,1.067e-05,9.96e-06,1.019e-05,8421644177016.0,147013
2023-08-15,1.018e-05,1.066e-05,9.43e-06,9.93e-06,9304291266181.0,187953
2023-08-16,9.94e-06,1.017e-05,9.03e-06,9.21e-06,8875401499392.0,177157
2023-08-17,9.21e-06,9.36e-06,7.25e-06,8.13e-06,13924563111815.0,242772
2023-08-18,8.13e-06,8.71e-06,8.03e-06,8.59e-06,8294158090057.0,136159
2023-08-19,8.59e-06,8.68e-06,8.32e-06,8.44e-06,3369714578502.0,61024
2023-08-20,8.44e-06,8.49e-06,8.15e-06,8.31e-06,2427339620190.0,44460
2023-08-21,8.3e-06,8.38e-06,7.76e-06,7.98e-06,4112406316798.0,66905
2023-08-22,7.97e-06,8.07e-06,7.55e-06,8e-06,3673996631029.0,61698
2023-08-23,8e-06,8.54e-06,7.97e-06,8.32e-06,5240428895764.0,88006
2023-08-24,8.31e-06,8.36e-06,8.03e-06,8.21e-06,2375174834028.0,42587
2023-08-25,8.21e-06,8.26e-06,7.98e-06,8.14e-06,2527842154707.0,44913
2023-08-26,8.14e-06,8.24e-06,8.07e-06,8.08e-06,1075124515723.0,23641
2023-08-27,8.08e-06,8.18e-06,8.01e-06,8.04e-06,932785811564.0,22402
2023-08-28,8.05e-06,8.34e-06,7.86e-06,8.22e-06,2750552253187.0,51196
2023-08-29,8.23e-06,8.46e-06,8.04e-06,8.37e-06,4396184664000.0,63713
2023-08-30,8.37e-06,8.38e-06,8.07e-06,8.16e-06,1859377274142.0,35260
2023-08-31,8.16e-06,8.25e-06,7.79e-06,7.99e-06,2648020783241.0,45942
2023-09-01,7.99e-06,8.05e-06,7.73e-06,7.9e-06,1907955164360.0,37365
2023-09-02,7.89e-06,7.94e-06,7.76e-06,7.84e-06,1094454826770.0,24372
2023-09-03,7.84e-06,7.87e-06,7.63e-06,7.69e-06,1130118950631.0,27054
2023-09-04,7.68e-06,7.79e-06,7.39e-06,7.49e-06,1810164662017.0,38708
2023-09-05,7.5e-06,7.72e-06,7.43e-06,7.64e-06,1512232807266.0,31384
2023-09-06,7.65e-06,7.8e-06,7.5e-06,7.68e-06,1811914892387.0,34606
2023-09-07,7.68e-06,7.72e-06,7.55e-06,7.69e-06,1042874348531.0,23461
2023-09-08,7.69e-06,7.72e-06,7.48e-06,7.6e-06,1131612298983.0,24507
2023-09-09,7.6e-06,7.66e-06,7.55e-06,7.57e-06,735187006005.0,17667
2023-09-10,7.57e-06,7.57e-06,7.2e-06,7.36e-06,2335811670867.0,40810
2023-09-11,7.36e-06,7.39e-06,6.95e-06,7.06e-06,3286741888744.0,52177
2023-09-12,7.06e-06,7.38e-06,7.05e-06,7.17e-06,2255438072609.0,36738
2023-09-13,7.17e-06,7.36e-06,7.14e-06,7.26e-06,1719083325069.0,28998
2023-09-14,7.25e-06,7.45e-06,7.21e-06,7.37e-06,1696084755825.0,32689
2023-09-15,7.37e-06,7.49e-06,7.31e-06,7.45e-06,1307059017924.0,27109
2023-09-16,7.45e-06,7.57e-06,7.33e-06,7.4e-06,1154678227297.0,24879
2023-09-17,7.4e-06,7.4e-06,7.09e-06,7.21e-06,1498968257719.0,28337
2023-09-18,7.21e-06,7.42e-06,7.14e-06,7.25e-06,1824975574550.0,30929
2023-09-19,7.25e-06,7.43e-06,7.22e-06,7.4e-06,1473555305659.0,28493
2023-09-20,7.4e-06,7.5e-06,7.26e-06,7.45e-06,2286588940690.0,34467
2023-09-21,7.44e-06,7.54e-06,7.22e-06,7.24e-06,2203036962871.0,34031
2023-09-22,7.25e-06,7.32e-06,7.15e-06,7.3e-06,1374832730431.0,23823
2023-09-23,7.3e-06,7.71e-06,7.29e-06,7.5e-06,3302108708240.0,54396
2023-09-24,7.51e-06,7.51e-06,7.25e-06,7.3e-06,1644636004157.0,30829
2023-09-25,7.3e-06,7.39e-06,7.17e-06,7.28e-06,1498491943301.0,27227
2023-09-26,7.29e-06,7.34e-06,7.17e-06,7.26e-06,1009259705339.0,19831
2023-09-27,7.26e-06,7.32e-06,7.13e-06,7.22e-06,1672366788585.0,27408
2023-09-28,7.23e-06,7.34e-06,7.21e-06,7.3e-06,1381049711556.0,24551
2023-09-29,7.3e-06,7.43e-06,7.27e-06,7.31e-06,1883994749837.0,28580
2023-09-30,7.32e-06,7.4e-06,7.3e-06,7.34e-06,1215046336568.0,20268
2023-10-01,7.33e-06,7.58e-06,7.33e-06,7.52e-06,2007806020347.0,32112
2023-10-02,7.52e-06,7.61e-06,7.19e-06,7.31e-06,3137212793193.0,48836
2023-10-03,7.31e-06,7.34e-06,7.21e-06,7.28e-06,1326048655453.0,22078
2023-10-04,7.29e-06,7.29e-06,7.06e-06,7.23e-06,1803001572243.0,30116
2023-10-05,7.23e-06,7.28e-06,7.12e-06,7.14e-06,1106116568419.0,19913
2023-10-06,7.14e-06,7.25e-06,7.13e-06,7.23e-06,1088699516496.0,18535
2023-10-07,7.23e-06,7.26e-06,7.18e-06,7.23e-06,646575882640.0,14318
2023-10-08,7.23e-06,7.29e-06,7.17e-06,7.2e-06,885569381722.0,16833
2023-10-09,7.2e-06,7.21e-06,6.73e-06,6.92e-06,2761363401247.0,42150
2023-10-10,6.91e-06,6.98e-06,6.81e-06,6.9e-06,1140004274755.0,19777
2023-10-11,6.9e-06,6.95e-06,6.71e-06,6.77e-06,1621644688607.0,25333
2023-10-12,6.78e-06,6.9e-06,6.73e-06,6.8e-06,1390114344453.0,21365
2023-10-13,6.8e-06,7e-06,6.77e-06,6.91e-06,1131301762312.0,19032
2023-10-14,6.91e-06,7.15e-06,6.91e-06,7.02e-06,1471755594400.0,26716
2023-10-15,7.03e-06,7.07e-06,6.93e-06,6.98e-06,999552065937.0,19307
2023-10-16,6.99e-06,7.3e-06,6.95e-06,7.09e-06,2822981271257.0,43033
2023-10-17,7.1e-06,7.13e-06,6.82e-06,6.89e-06,1739091100821.0,26999
2023-10-18,6.88e-06,6.96e-06,6.7e-06,6.77e-06,1508059530579.0,27868
2023-10-19,6.77e-06,6.87e-06,6.61e-06,6.83e-06,1861321653375.0,27416
2023-10-20,6.83e-06,7.04e-06,6.82e-06,6.91e-06,2086749852997.0,31812
2023-10-21,6.9e-06,7.18e-06,6.88e-06,7.06e-06,2071058717629.0,33607
2023-10-22,7.07e-06,7.14e-06,6.92e-06,7.13e-06,1850150216494.0,30053
2023-10-23,7.14e-06,7.52e-06,7.09e-06,7.51e-06,5273855010497.0,76866
2023-10-24,7.52e-06,7.76e-06,7.24e-06,7.39e-06,7545460995946.0,124750
2023-10-25,7.39e-06,7.98e-06,7.27e-06,7.8e-06,7164261672725.0,103359
2023-10-26,7.81e-06,8.25e-06,7.58e-06,7.9e-06,9261728042035.0,135445
2023-10-27,7.91e-06,7.97e-06,7.57e-06,7.69e-06,3970052566984.0,60832
2023-10-28,7.7e-06,8.12e-06,7.66e-06,7.97e-06,2878186731597.0,48014
2023-10-29,7.97e-06,8.12e-06,7.72e-06,8.02e-06,3617890066254.0,56919
2023-10-30,8.01e-06,8.07e-06,7.81e-06,7.96e-06,3403808070850.0,49278
2023-10-31,7.97e-06,8.04e-06,7.51e-06,7.79e-06,4692513019594.0,67131
2023-11-01,7.78e-06,7.98e-06,7.56e-06,7.97e-06,3776236019567.0,60805
2023-11-02,7.97e-06,8.08e-06,7.66e-06,7.86e-06,4820863310482.0,74348
2023-11-03,7.86e-06,7.86e-06,7.62e-06,7.82e-06,2218337942022.0,49726
2023-11-04,7.82e-06,7.97e-06,7.77e-06,7.94e-06,2014127504019.0,39063
2023-11-05,7.94e-06,8.32e-06,7.89e-06,8.11e-06,4784226801612.0,82146
2023-11-06,8.12e-06,8.52e-06,8e-06,8.46e-06,4980415849609.0,88252
2023-11-07,8.46e-06,8.47e-06,7.95e-06,8.2e-06,5046098933813.0,85607
2023-11-08,8.2e-06,8.34e-06,8.14e-06,8.28e-06,2729977622671.0,47292
2023-11-09,8.28e-06,8.72e-06,7.8e-06,8.23e-06,8817750172065.0,149998
2023-11-10,8.23e-06,8.56e-06,8.08e-06,8.49e-06,6223908096979.0,107085
2023-11-11,8.48e-06,9.65e-06,8.44e-06,9.09e-06,16314830184066.0,305064
2023-11-12,9.09e-06,9.15e-06,8.65e-06,8.92e-06,4775620456910.0,106053
2023-11-13,8.91e-06,9.17e-06,8.42e-06,8.53e-06,5513013549523.0,123746
2023-11-14,8.53e-06,8.69e-06,8e-06,8.34e-06,4772214330079.0,99782
2023-11-15,8.34e-06,8.85e-06,8.32e-06,8.79e-06,3505620511626.0,71797
2023-11-16,8.79e-06,9.19e-06,8.29e-06,8.5e-06,7426301718868.0,144733
2023-11-17,8.5e-06,9.16e-06,8.4e-06,8.82e-06,6543753532652.0,135112
2023-11-18,8.82e-06,8.91e-06,8.39e-06,8.56e-06,3430377101699.0,71675
2023-11-19,8.55e-06,8.71e-06,8.35e-06,8.67e-06,2167902348347.0,46382
2023-11-20,8.67e-06,8.72e-06,8.36e-06,8.43e-06,3096569791549.0,63792
2023-11-21,8.44e-06,8.51e-06,7.61e-06,7.74e-06,4730595233150.0,101151
2023-11-22,7.73e-06,8.18e-06,7.7e-06,8.1e-06,2745213991027.0,57457
2023-11-23,8.09e-06,8.19e-06,8e-06,8.11e-06,1485627926566.0,33900
2023-11-24,8.11e-06,8.3e-06,8.08e-06,8.19e-06,2481247800567.0,47607
2023-11-25,8.18e-06,8.59e-06,8.15e-06,8.48e-06,2436822279095.0,51106
2023-11-26,8.47e-06,8.48e-06,8.05e-06,8.29e-06,3108804528755.0,52853
2023-11-27,8.3e-06,8.66e-06,8.02e-06,8.19e-06,5729919332551.0,103288
2023-11-28,8.2e-06,8.33e-06,8.03e-06,8.31e-06,2616861609657.0,46443
2023-11-29,8.31e-06,8.39e-06,8.16e-06,8.22e-06,2177891442111.0,44126
2023-11-30,8.22e-06,8.3e-06,8.12e-06,8.3e-06,1656723776201.0,33101
2023-12-01,8.29e-06,8.39e-06,8.25e-06,8.37e-06,2044919651886.0,37317
2023-12-02,8.37e-06,8.57e-06,8.34e-06,8.52e-06,2084686451224.0,43849
2023-12-03,8.52e-06,9.49e-06,8.36e-06,9.02e-06,10241916990509.0,190817
2023-12-04,9.02e-06,9.65e-06,8.65e-06,9.21e-06,12874083045748.0,220543
2023-12-05,9.21e-06,9.58e-06,8.87e-06,9.49e-06,10604291938972.0,187967
2023-12-06,9.49e-06,1.07e-05,9.31e-06,9.72e-06,20385955254073.0,388193
2023-12-07,9.71e-06,9.88e-06,9.38e-06,9.78e-06,6279589108739.0,116832
2023-12-08,9.78e-06,1.044e-05,9.74e-06,1.019e-05,7299445199717.0,133207
2023-12-09,1.02e-05,1.045e-05,9.9e-06,9.99e-06,7132170248698.0,134587
2023-12-10,9.99e-06,1.039e-05,9.9e-06,1.033e-05,5430806233796.0,103717
2023-12-11,1.032e-05,1.06e-05,9.1e-06,9.51e-06,11489012631409.0,209959
2023-12-12,9.52e-06,9.77e-06,9.29e-06,9.57e-06,4635904936911.0,93841
2023-12-13,9.58e-06,9.87e-06,9.14e-06,9.8e-06,4449423771777.0,86723
2023-12-14,9.81e-06,1.02e-05,9.5e-06,1.008e-05,5439037741851.0,110693
2023-12-15,1.008e-05,1.01e-05,9.57e-06,9.6e-06,3778937131276.0,79642
2023-12-16,9.6e-06,1.172e-05,9.46e-06,1.16e-05,16445060785290.0,335251
2023-12-17,1.16e-05,1.195e-05,1.023e-05,1.03e-05,12826893301482.0,249604
2023-12-18,1.03e-05,1.05e-05,9.54e-06,1.044e-05,8415148643940.0,152987
2023-12-19,1.044e-05,1.059e-05,9.99e-06,1.012e-05,4259796688330.0,91636
2023-12-20,1.012e-05,1.051e-05,9.95e-06,1.024e-05,3869769326531.0,86802
2023-12-21,1.024e-05,1.056e-05,1.013e-05,1.043e-05,3452105271058.0,78115
2023-12-22,1.044e-05,1.096e-05,1.031e-05,1.091e-05,6438377994429.0,143312
2023-12-23,1.09e-05,1.128e-05,1.052e-05,1.107e-05,5779650272111.0,141845
2023-12-24,1.106e-05,1.11e-05,1.044e-05,1.066e-05,4416781554608.0,123266
2023-12-25,1.065e-05,1.105e-05,1.054e-05,1.102e-05,3583595648212.0,97326
2023-12-26,1.101e-05,1.103e-05,1e-05,1.059e-05,4818861286461.0,131452
2023-12-27,1.06e-05,1.094e-05,1.027e-05,1.089e-05,3548911343952.0,93080
2023-12-28,1.09e-05,1.106e-05,1.044e-05,1.061e-05,4548816263148.0,123673
2023-12-29,1.062e-05,1.071e-05,1.025e-05,1.041e-05,3229505490239.0,90357
2023-12-30,1.042e-05,1.06e-05,1.035e-05,1.043e-05,1650602636728.0,52911
2023-12-31,1.043e-05,1.06e-05,1.025e-05,1.036e-05,1638144850711.0,52900
2024-01-01,1.036e-05,1.071e-05,1.021e-05,1.068e-05,1912387996323.0,58393
2024-01-02,1.068e-05,1.092e-05,1.046e-05,1.056e-05,4111956270583.0,104653
2024-01-03,1.056e-05,1.066e-05,8.27e-06,9.57e-06,8809791876169.0,228452
2024-01-04,9.57e-06,1.014e-05,9.42e-06,9.99e-06,4382945722418.0,106195
2024-01-05,1e-05,1.009e-05,9.41e-06,9.81e-06,4406315565247.0,108286
2024-01-06,9.81e-06,9.83e-06,9.32e-06,9.61e-06,2321621338265.0,71277
2024-01-07,9.61e-06,9.68e-06,8.93e-06,9.02e-06,3333253542409.0,85634
2024-01-08,9.02e-06,9.59e-06,8.49e-06,9.58e-06,6170976069743.0,129474
2024-01-09,9.58e-06,1.001e-05,9.04e-06,9.67e-06,9003914278168.0,205173
2024-01-10,9.67e-06,1.016e-05,9.11e-06,9.98e-06,6113614569122.0,157040
2024-01-11,9.98e-06,1.05e-05,9.85e-06,1.015e-05,7122525106149.0,190144
2024-01-12,1.015e-05,1.03e-05,9.31e-06,9.64e-06,4576377252168.0,146078
2024-01-13,9.64e-06,1.006e-05,9.41e-06,9.88e-06,2528568819377.0,77736
2024-01-14,9.87e-06,1.005e-05,9.53e-06,9.58e-06,2246828489926.0,75049
2024-01-15,9.57e-06,9.76e-06,9.48e-06,9.54e-06,2260903688042.0,66720
2024-01-16,9.54e-06,9.75e-06,9.42e-06,9.67e-06,2210699475155.0,64200
2024-01-17,9.66e-06,9.73e-06,9.38e-06,9.53e-06,2449365419148.0,58756
2024-01-18,9.53e-06,9.57e-06,8.96e-06,9.21e-06,3301395985827.0,79099
2024-01-19,9.21e-06,9.4e-06,8.79e-06,9.31e-06,3880840285958.0,83959
2024-01-20,9.3e-06,9.86e-06,9.27e-06,9.68e-06,3129666689656.0,85617
2024-01-21,9.68e-06,9.74e-06,9.33e-06,9.35e-06,2289811799583.0,54072
2024-01-22,9.35e-06,9.38e-06,8.86e-06,8.93e-06,3692002899345.0,87264
2024-01-23,8.92e-06,9.07e-06,8.43e-06,8.83e-06,2867620135773.0,81223
2024-01-24,8.84e-06,9e-06,8.74e-06,8.9e-06,1588436350640.0,48003
2024-01-25,8.9e-06,8.93e-06,8.72e-06,8.87e-06,1231958694480.0,40507
2024-01-26,8.87e-06,9.14e-06,8.79e-06,9.04e-06,1504400933122.0,43188
2024-01-27,9.04e-06,9.22e-06,8.97e-06,9.13e-06,1053112994275.0,34115
2024-01-28,9.13e-06,9.25e-06,8.91e-06,9e-06,1593710390562.0,43773
2024-01-29,9.01e-06,9.28e-06,8.93e-06,9.2e-06,1920411275293.0,52587
2024-01-30,9.21e-06,9.46e-06,9.01e-06,9.05e-06,1955717647113.0,58751
2024-01-31,9.05e-06,9.14e-06,8.85e-06,8.94e-06,2188792149788.0,58686
2024-02-01,8.95e-06,9.05e-06,8.79e-06,9.03e-06,1404511268353.0,40813
2024-02-02,9.03e-06,9.11e-06,8.93e-06,9.08e-06,1076942685670.0,31193
2024-02-03,9.08e-06,9.16e-06,9.01e-06,9.11e-06,836708154280.0,27552
2024-02-04,9.11e-06,9.14e-06,8.85e-06,8.9e-06,1105103349056.0,35273
2024-02-05,8.9e-06,9.04e-06,8.78e-06,8.91e-06,1171408472650.0,35477
2024-02-06,8.91e-06,8.95e-06,8.82e-06,8.86e-06,906073311073.0,28890
2024-02-07,8.86e-06,9.09e-06,8.8e-06,9.06e-06,1372136341211.0,36834
2024-02-08,9.07e-06,9.38e-06,9.04e-06,9.21e-06,2778930430601.0,72870
2024-02-09,9.21e-06,9.47e-06,9.21e-06,9.39e-06,2349462604465.0,62248
2024-02-10,9.38e-06,9.51e-06,9.23e-06,9.41e-06,1685768836039.0,46786
2024-02-11,9.41e-06,9.61e-06,9.34e-06,9.41e-06,2030798417025.0,53349
2024-02-12,9.41e-06,9.68e-06,9.21e-06,9.61e-06,3030514241097.0,70450
2024-02-13,9.62e-06,9.74e-06,9.27e-06,9.47e-06,3383740366676.0,80243
2024-02-14,9.47e-06,9.84e-06,9.39e-06,9.75e-06,3542915331816.0,83459
2024-02-15,9.75e-06,1.005e-05,9.66e-06,9.86e-06,5736236143389.0,137092
2024-02-16,9.87e-06,1.004e-05,9.64e-06,9.87e-06,4465222272812.0,100319
2024-02-17,9.88e-06,9.89e-06,9.41e-06,9.63e-06,3341363733260.0,71366
2024-02-18,9.62e-06,9.84e-06,9.58e-06,9.74e-06,3058163343357.0,70648
2024-02-19,9.74e-06,9.95e-06,9.68e-06,9.9e-06,4199876477767.0,89302
2024-02-20,9.89e-06,9.97e-06,9.4e-06,9.76e-06,6735051808429.0,132182
2024-02-21,9.76e-06,9.78e-06,9.3e-06,9.56e-06,4931082611631.0,92683
2024-02-22,9.55e-06,9.72e-06,9.39e-06,9.53e-06,3398879658025.0,75987
2024-02-23,9.54e-06,9.61e-06,9.35e-06,9.52e-06,3569517141093.0,79452
2024-02-24,9.52e-06,9.67e-06,9.34e-06,9.65e-06,2530743029747.0,58569
2024-02-25,9.65e-06,9.73e-06,9.56e-06,9.67e-06,2317945732919.0,49490
2024-02-26,9.67e-06,1.024e-05,9.46e-06,1.006e-05,6554561473569.0,143077
2024-02-27,1.007e-05,1.142e-05,9.95e-06,1.089e-05,22215690403152.0,435120
2024-02-28,1.089e-05,1.25e-05,9.91e-06,1.171e-05,30521994419650.0,777012
2024-02-29,1.17e-05,1.473e-05,1.143e-05,1.256e-05,41380696539929.0,1224884
2024-03-01,1.256e-05,1.728e-05,1.243e-05,1.687e-05,36202482470772.0,1101598
2024-03-02,1.687e-05,2.35e-05,1.652e-05,2.259e-05,67418763205546.0,3026529
2024-03-03,2.258e-05,2.39e-05,1.9e-05,2.252e-05,35524782975321.0,1741172
2024-03-04,2.252e-05,3.65e-05,2.136e-05,3.591e-05,79810191168372.0,4800885
2024-03-05,3.591e-05,4.567e-05,2.555e-05,3.514e-05,121611197501928.0,9420984
2024-03-06,3.515e-05,3.947e-05,3.045e-05,3.327e-05,50030058483068.0,3553173
2024-03-07,3.327e-05,3.47e-05,2.929e-05,3.15e-05,31757911947482.0,1873646
2024-03-08,3.15e-05,3.8e-05,3.086e-05,3.518e-05,39385003474838.0,2534326
2024-03-09,3.518e-05,3.695e-05,3.361e-05,3.495e-05,19015799045527.0,1554188
2024-03-10,3.496e-05,3.54e-05,3.164e-05,3.286e-05,14105123114920.0,1142588
2024-03-11,3.286e-05,3.523e-05,3.011e-05,3.386e-05,18509794881521.0,1520003
2024-03-12,3.386e-05,3.487e-05,2.999e-05,3.22e-05,13461365528756.0,1247922
2024-03-13,3.221e-05,3.355e-05,3.115e-05,3.202e-05,9772581771434.0,1711754
2024-03-14,3.203e-05,3.487e-05,3.04e-05,3.221e-05,22841509112852.0,5405112
2024-03-15,3.222e-05,3.277e-05,2.7e-05,2.99e-05,20085122696560.0,5841612
2024-03-16,2.99e-05,3.037e-05,2.38e-05,2.54e-05,18151606000342.0,5194575
2024-03-17,2.54e-05,3.02e-05,2.426e-05,2.955e-05,19906164803394.0,5796977
2024-03-18,2.955e-05,2.959e-05,2.634e-05,2.684e-05,12643284847617.0,4677886
2024-03-19,2.684e-05,2.737e-05,2.411e-05,2.489e-05,19043268485335.0,5463115
2024-03-20,2.489e-05,2.801e-05,2.366e-05,2.775e-05,18618608287784.0,4963561
2024-03-21,2.776e-05,2.865e-05,2.627e-05,2.72e-05,14664703284501.0,4194563
2024-03-22,2.72e-05,2.861e-05,2.582e-05,2.654e-05,11525494660918.0,3789989
2024-03-23,2.654e-05,2.85e-05,2.63e-05,2.712e-05,8747773208541.0,2717214
2024-03-24,2.713e-05,2.834e-05,2.707e-05,2.807e-05,7389171996970.0,2419040
2024-03-25,2.807e-05,3.065e-05,2.745e-05,2.87e-05,12554252467648.0,2958481
2024-03-26,2.87e-05,3.184e-05,2.848e-05,3.064e-05,14081182386154.0,3926844
2024-03-27,3.063e-05,3.188e-05,2.916e-05,3.018e-05,12115034161574.0,4537889
2024-03-28,3.017e-05,3.285e-05,2.981e-05,3.202e-05,14173535269730.0,3781652
2024-03-29,3.201e-05,3.214e-05,3.01e-05,3.079e-05,7531734710524.0,2362273
2024-03-30,3.079e-05,3.1e-05,2.95e-05,2.982e-05,5797278305270.0,1564972
2024-03-31,2.982e-05,3.081e-05,2.971e-05,3.074e-05,3733754737485.0,1213634
2024-04-01,3.074e-05,3.075e-05,2.765e-05,2.864e-05,7583063360560.0,2179595
2024-04-02,2.863e-05,2.864e-05,2.57e-05,2.641e-05,8409411109943.0,3104696
2024-04-03,2.64e-05,2.753e-05,2.55e-05,2.633e-05,6655170572124.0,2523358
2024-04-04,2.633e-05,2.848e-05,2.588e-05,2.77e-05,5401318305384.0,2134410
2024-04-05,2.77e-05,2.774e-05,2.629e-05,2.679e-05,4192100144920.0,1946260
2024-04-06,2.679e-05,2.779e-05,2.669e-05,2.743e-05,2551932111346.0,910136
2024-04-07,2.743e-05,2.898e-05,2.737e-05,2.818e-05,5309059097281.0,1635226
2024-04-08,2.817e-05,2.954e-05,2.771e-05,2.874e-05,5507861254457.0,1739510
2024-04-09,2.873e-05,2.954e-05,2.72e-05,2.748e-05,5800032164335.0,1981434
2024-04-10,2.748e-05,2.828e-05,2.641e-05,2.805e-05,5258149366291.0,1939999
2024-04-11,2.805e-05,2.816e-05,2.72e-05,2.751e-05,3359464761070.0,1319433
2024-04-12,2.75e-05,2.815e-05,2.14e-05,2.475e-05,11154779309634.0,2663855
2024-04-13,2.475e-05,2.498e-05,1.83e-05,2.11e-05,18275840049873.0,4207485
2024-04-14,2.11e-05,2.299e-05,2.053e-05,2.271e-05,15133825428106.0,4514011
2024-04-15,2.271e-05,2.383e-05,2.099e-05,2.192e-05,11699517595454.0,3842227
2024-04-16,2.192e-05,2.288e-05,2.078e-05,2.268e-05,8295504306927.0,3627548
2024-04-17,2.267e-05,2.304e-05,2.132e-05,2.205e-05,7069464582186.0,2344748
2024-04-18,2.205e-05,2.296e-05,2.14e-05,2.278e-05,4082069370971.0,1803633
2024-04-19,2.277e-05,2.356e-05,2.083e-05,2.287e-05,6308211760948.0,1937474
2024-04-20,2.286e-05,2.673e-05,2.261e-05,2.617e-05,7116478362775.0,2068615
2024-04-21,2.616e-05,2.82e-05,2.539e-05,2.627e-05,9612982532962.0,3522382
2024-04-22,2.626e-05,2.769e-05,2.614e-05,2.689e-05,6732789399470.0,2196034
2024-04-23,2.689e-05,2.814e-05,2.618e-05,2.682e-05,6214937524083.0,1937585
2024-04-24,2.682e-05,2.768e-05,2.523e-05,2.57e-05,8411315380473.0,2331255
2024-04-25,2.57e-05,2.655e-05,2.447e-05,2.571e-05,7677447340602.0,1796674
2024-04-26,2.571e-05,2.6e-05,2.49e-05,2.522e-05,5882483097278.0,1618378
2024-04-27,2.521e-05,2.535e-05,2.4e-05,2.478e-05,4503323126417.0,1327688
2024-04-28,2.477e-05,2.518e-05,2.407e-05,2.423e-05,3552687278347.0,887380
2024-04-29,2.422e-05,2.438e-05,2.301e-05,2.41e-05,5390149128638.0,1574672
2024-04-30,2.41e-05,2.467e-05,2.177e-05,2.239e-05,7273002342752.0,2793869
2024-05-01,2.24e-05,2.315e-05,2.057e-05,2.266e-05,9617818551684.0,2303892
2024-05-02,2.265e-05,2.35e-05,2.152e-05,2.279e-05,8041915875327.0,1991951
2024-05-03,2.278e-05,2.475e-05,2.261e-05,2.444e-05,6896025995519.0,1658917
2024-05-04,2.443e-05,2.632e-05,2.428e-05,2.505e-05,6319085393181.0,1950949
2024-05-05,2.504e-05,2.523e-05,2.431e-05,2.471e-05,3467847422496.0,1129539
2024-05-06,2.47e-05,2.575e-05,2.381e-05,2.388e-05,5770035728099.0,1643327
2024-05-07,2.387e-05,2.424e-05,2.291e-05,2.298e-05,4244787899989.0,862397
2024-05-08,2.298e-05,2.326e-05,2.233e-05,2.254e-05,4482728574464.0,1177062
2024-05-09,2.254e-05,2.379e-05,2.23e-05,2.348e-05,3847010300389.0,898774
2024-05-10,2.347e-05,2.362e-05,2.213e-05,2.242e-05,4378155589374.0,1038323
2024-05-11,2.242e-05,2.293e-05,2.234e-05,2.251e-05,1852046846104.0,523266
2024-05-12,2.25e-05,2.275e-05,2.209e-05,2.231e-05,1291147948597.0,339242
2024-05-13,2.231e-05,2.466e-05,2.156e-05,2.336e-05,9847706307048.0,1974322
2024-05-14,2.336e-05,2.445e-05,2.287e-05,2.298e-05,9774147558361.0,1893129
2024-05-15,2.298e-05,2.555e-05,2.287e-05,2.525e-05,8238095062911.0,1721637
2024-05-16,2.525e-05,2.588e-05,2.417e-05,2.457e-05,6110084470425.0,1510459
2024-05-17,2.456e-05,2.531e-05,2.419e-05,2.502e-05,3571538496816.0,1033935
2024-05-18,2.501e-05,2.519e-05,2.437e-05,2.476e-05,2194920009495.0,654156
2024-05-19,2.476e-05,2.509e-05,2.359e-05,2.386e-05,2183107026891.0,740523
2024-05-20,2.386e-05,2.613e-05,2.351e-05,2.607e-05,5596728225720.0,1519134
2024-05-21,2.606e-05,2.669e-05,2.503e-05,2.612e-05,8801627816712.0,2389499
2024-05-22,2.611e-05,2.686e-05,2.501e-05,2.533e-05,7272234651256.0,2183283
2024-05-23,2.532e-05,2.574e-05,2.339e-05,2.461e-05,7388103199150.0,1930985
2024-05-24,2.46e-05,2.511e-05,2.362e-05,2.44e-05,4195441244126.0,1564187
2024-05-25,2.44e-05,2.527e-05,2.429e-05,2.508e-05,2845136437759.0,883219
2024-05-26,2.508e-05,2.517e-05,2.414e-05,2.433e-05,2396225445892.0,856011
2024-05-27,2.432e-05,2.623e-05,2.431e-05,2.552e-05,7189013499666.0,1707144
2024-05-28,2.552e-05,2.738e-05,2.444e-05,2.674e-05,11136854911998.0,2635042
2024-05-29,2.675e-05,2.945e-05,2.652e-05,2.755e-05,14930763774093.0,4155614
2024-05-30,2.755e-05,2.883e-05,2.561e-05,2.588e-05,8972985741670.0,2815584
2024-05-31,2.588e-05,2.635e-05,2.487e-05,2.543e-05,4561819514958.0,1652938
2024-06-01,2.543e-05,2.55e-05,2.511e-05,2.526e-05,1836300386585.0,661295
2024-06-02,2.526e-05,2.549e-05,2.402e-05,2.462e-05,3592351944695.0,1027742
2024-06-03,2.461e-05,2.54e-05,2.427e-05,2.443e-05,3648093452153.0,1273002
2024-06-04,2.443e-05,2.467e-05,2.282e-05,2.461e-05,4874789884758.0,1219199
2024-06-05,2.46e-05,2.633e-05,2.45e-05,2.594e-05,7520801185035.0,1919046
2024-06-06,2.593e-05,2.622e-05,2.494e-05,2.524e-05,3330439495822.0,1107839
2024-06-07,2.523e-05,2.549e-05,2.145e-05,2.369e-05,6190452475750.0,1281270
2024-06-08,2.37e-05,2.415e-05,2.3e-05,2.321e-05,2740406186719.0,923912
2024-06-09,2.321e-05,2.367e-05,2.295e-05,2.349e-05,1393234150076.0,569894
2024-06-10,2.349e-05,2.362e-05,2.269e-05,2.291e-05,2054438225241.0,824028
2024-06-11,2.291e-05,2.297e-05,2.105e-05,2.163e-05,4514209308692.0,1385835
2024-06-12,2.163e-05,2.324e-05,2.112e-05,2.221e-05,6060851125491.0,1776089
2024-06-13,2.22e-05,2.221e-05,2.095e-05,2.118e-05,2792479623371.0,1061178
2024-06-14,2.118e-05,2.189e-05,1.96e-05,2.029e-05,4207861454554.0,1216186
2024-06-15,2.029e-05,2.099e-05,1.998e-05,2.077e-05,1482167252261.0,660531
2024-06-16,2.077e-05,2.108e-05,2.04e-05,2.095e-05,1072794637241.0,491123
2024-06-17,2.095e-05,2.107e-05,1.86e-05,1.932e-05,3394743968561.0,1409313
2024-06-18,1.932e-05,1.944e-05,1.696e-05,1.809e-05,5639084201900.0,1885070
2024-06-19,1.809e-05,1.893e-05,1.796e-05,1.812e-05,2701894827467.0,1134211
2024-06-20,1.811e-05,1.9e-05,1.779e-05,1.804e-05,2872038607044.0,1250906
2024-06-21,1.803e-05,1.826e-05,1.74e-05,1.787e-05,2375521786024.0,1142642
2024-06-22,1.787e-05,1.833e-05,1.766e-05,1.799e-05,946179055164.0,404863
2024-06-23,1.799e-05,1.822e-05,1.742e-05,1.753e-05,1099343244542.0,409775
2024-06-24,1.753e-05,1.767e-05,1.632e-05,1.704e-05,3213688061393.0,1370609
2024-06-25,1.704e-05,1.824e-05,1.699e-05,1.775e-05,3032134629756.0,904867
2024-06-26,1.774e-05,1.807e-05,1.71e-05,1.714e-05,1811842890468.0,632092
2024-06-27,1.713e-05,1.772e-05,1.686e-05,1.757e-05,2197085204490.0,632480
2024-06-28,1.756e-05,1.814e-05,1.681e-05,1.7e-05,2683587776605.0,800477
2024-06-29,1.699e-05,1.726e-05,1.686e-05,1.691e-05,601946984208.0,250298
2024-06-30,1.69e-05,1.743e-05,1.662e-05,1.726e-05,1405637010406.0,344708
2024-07-01,1.726e-05,1.76e-05,1.695e-05,1.709e-05,1720066839022.0,388480
2024-07-02,1.708e-05,1.742e-05,1.696e-05,1.726e-05,1167896648236.0,331133
2024-07-03,1.726e-05,1.745e-05,1.612e-05,1.639e-05,2232411482439.0,552211
2024-07-04,1.639e-05,1.648e-05,1.453e-05,1.463e-05,3642679022304.0,844497
2024-07-05,1.463e-05,1.508e-05,1.266e-05,1.498e-05,6134837448792.0,1437946
2024-07-06,1.498e-05,1.754e-05,1.468e-05,1.74e-05,4494559226616.0,1497580
2024-07-07,1.741e-05,1.742e-05,1.539e-05,1.55e-05,3720012446353.0,1319699
2024-07-08,1.55e-05,1.71e-05,1.473e-05,1.618e-05,5559431844613.0,1917443
2024-07-09,1.618e-05,1.665e-05,1.592e-05,1.637e-05,2515344512522.0,1138985
2024-07-10,1.636e-05,1.688e-05,1.602e-05,1.64e-05,2024277469034.0,806844
2024-07-11,1.64e-05,1.702e-05,1.614e-05,1.623e-05,1936908660747.0,779005
2024-07-12,1.623e-05,1.664e-05,1.577e-05,1.65e-05,1540480246007.0,660556
2024-07-13,1.649e-05,1.739e-05,1.643e-05,1.711e-05,2122305005283.0,647807
2024-07-14,1.712e-05,1.778e-05,1.705e-05,1.763e-05,2024790242481.0,623528
2024-07-15,1.763e-05,1.939e-05,1.748e-05,1.926e-05,3470499493495.0,1191514
2024-07-16,1.925e-05,2.017e-05,1.838e-05,1.933e-05,6695609066398.0,2337905
2024-07-17,1.933e-05,1.985e-05,1.849e-05,1.862e-05,3279949126693.0,1298786
2024-07-18,1.862e-05,1.898e-05,1.679e-05,1.739e-05,19441200032600.0,1941706
2024-07-19,1.739e-05,1.817e-05,1.686e-05,1.779e-05,8213957300383.0,1173363
2024-07-20,1.779e-05,1.847e-05,1.747e-05,1.81e-05,5338157454005.0,848938
2024-07-21,1.81e-05,1.845e-05,1.7e-05,1.825e-05,4741785343586.0,981955
2024-07-22,1.825e-05,1.832e-05,1.74e-05,1.757e-05,3571472894918.0,845374
2024-07-23,1.757e-05,1.779e-05,1.67e-05,1.704e-05,3505410807811.0,924430
2024-07-24,1.704e-05,1.758e-05,1.661e-05,1.679e-05,2386171208698.0,705636
2024-07-25,1.68e-05,1.688e-05,1.581e-05,1.639e-05,3901076620943.0,923677
2024-07-26,1.64e-05,1.703e-05,1.637e-05,1.696e-05,1847653658945.0,463998
2024-07-27,1.696e-05,1.763e-05,1.671e-05,1.702e-05,3109234728230.0,722165
2024-07-28,1.701e-05,1.718e-05,1.664e-05,1.68e-05,1049187230560.0,332370
2024-07-29,1.68e-05,1.732e-05,1.651e-05,1.662e-05,2155572321469.0,584690
2024-07-30,1.662e-05,1.685e-05,1.6e-05,1.641e-05,1444232826090.0,534085
2024-07-31,1.64e-05,1.67e-05,1.57e-05,1.592e-05,2008360019451.0,643010
2024-08-01,1.593e-05,1.605e-05,1.487e-05,1.579e-05,2667579412300.0,823657
2024-08-02,1.579e-05,1.589e-05,1.459e-05,1.466e-05,2876907547383.0,1184228
2024-08-03,1.466e-05,1.484e-05,1.378e-05,1.423e-05,2892241178072.0,1063518
2024-08-04,1.424e-05,1.433e-05,1.297e-05,1.334e-05,3328238694579.0,1047301
2024-08-05,1.335e-05,1.397e-05,1.078e-05,1.323e-05,16538479269145.0,2189851
2024-08-06,1.324e-05,1.405e-05,1.312e-05,1.344e-05,5695595509475.0,2040775
2024-08-07,1.344e-05,1.395e-05,1.271e-05,1.288e-05,3894577937203.0,1896011
2024-08-08,1.289e-05,1.44e-05,1.264e-05,1.431e-05,3655499675027.0,1578308
2024-08-09,1.431e-05,1.432e-05,1.366e-05,1.404e-05,2445492683405.0,1210464
2024-08-10,1.404e-05,1.429e-05,1.387e-05,1.409e-05,1129905268597.0,572253
2024-08-11,1.41e-05,1.468e-05,1.327e-05,1.339e-05,2586343379179.0,1140859
2024-08-12,1.34e-05,1.41e-05,1.328e-05,1.391e-05,2429548905041.0,1666550
2024-08-13,1.392e-05,1.407e-05,1.349e-05,1.388e-05,1579895477061.0,1021983
2024-08-14,1.388e-05,1.404e-05,1.342e-05,1.361e-05,1492805373150.0,899922
2024-08-15,1.361e-05,1.376e-05,1.311e-05,1.327e-05,2011935911016.0,868940
2024-08-16,1.326e-05,1.349e-05,1.289e-05,1.321e-05,1384593084914.0,825495
2024-08-17,1.322e-05,1.343e-05,1.314e-05,1.337e-05,642596170223.0,295216
2024-08-18,1.338e-05,1.36e-05,1.322e-05,1.324e-05,855658180637.0,348390
2024-08-19,1.324e-05,1.354e-05,1.298e-05,1.333e-05,1996764355104.0,752296
2024-08-20,1.334e-05,1.394e-05,1.331e-05,1.364e-05,2423649887042.0,884403
2024-08-21,1.364e-05,1.422e-05,1.348e-05,1.412e-05,1792061570229.0,727665
2024-08-22,1.411e-05,1.439e-05,1.383e-05,1.406e-05,1827563533524.0,590509
2024-08-23,1.406e-05,1.551e-05,1.403e-05,1.53e-05,3715858014357.0,1279041
2024-08-24,1.53e-05,1.612e-05,1.509e-05,1.563e-05,3455835112594.0,1251356
2024-08-25,1.563e-05,1.566e-05,1.469e-05,1.511e-05,3070635212887.0,1206721
2024-08-26,1.511e-05,1.525e-05,1.435e-05,1.461e-05,2831660405948.0,1265210
2024-08-27,1.461e-05,1.484e-05,1.336e-05,1.376e-05,3386510751580.0,1418655
2024-08-28,1.376e-05,1.421e-05,1.341e-05,1.386e-05,2702262389265.0,1649265
2024-08-29,1.385e-05,1.455e-05,1.382e-05,1.407e-05,2164997071633.0,1185174
2024-08-30,1.407e-05,1.423e-05,1.362e-05,1.4e-05,2294370316530.0,1213498
2024-08-31,1.4e-05,1.41e-05,1.373e-05,1.384e-05,632614612824.0,343574
2024-09-01,1.384e-05,1.387e-05,1.304e-05,1.316e-05,1561191549479.0,853923
2024-09-02,1.315e-05,1.373e-05,1.31e-05,1.366e-05,1479796779779.0,806866
2024-09-03,1.366e-05,1.385e-05,1.304e-05,1.309e-05,1199292038440.0,694452
2024-09-04,1.309e-05,1.369e-05,1.244e-05,1.359e-05,2397381823366.0,1057855
2024-09-05,1.36e-05,1.364e-05,1.305e-05,1.319e-05,1151758593118.0,903363
2024-09-06,1.32e-05,1.345e-05,1.231e-05,1.28e-05,2650530249384.0,1436292
2024-09-07,1.28e-05,1.304e-05,1.272e-05,1.287e-05,893411275106.0,443162
2024-09-08,1.286e-05,1.318e-05,1.28e-05,1.308e-05,956500584440.0,459207
2024-09-09,1.309e-05,1.376e-05,1.297e-05,1.354e-05,1775937260566.0,819063
2024-09-10,1.354e-05,1.369e-05,1.33e-05,1.353e-05,1162170390273.0,653459
2024-09-11,1.354e-05,1.355e-05,1.293e-05,1.326e-05,1396830641235.0,901242
2024-09-12,1.326e-05,1.354e-05,1.319e-05,1.352e-05,1039348824370.0,570851
2024-09-13,1.352e-05,1.411e-05,1.338e-05,1.396e-05,1554881496772.0,690786
2024-09-14,1.395e-05,1.406e-05,1.359e-05,1.373e-05,1021712457792.0,332219
2024-09-15,1.373e-05,1.387e-05,1.327e-05,1.338e-05,981660114054.0,442677
2024-09-16,1.338e-05,1.347e-05,1.3e-05,1.318e-05,1550236202035.0,692178
2024-09-17,1.317e-05,1.357e-05,1.303e-05,1.331e-05,1295612667644.0,629632
2024-09-18,1.332e-05,1.371e-05,1.296e-05,1.369e-05,1891101424161.0,900227
2024-09-19,1.37e-05,1.459e-05,1.37e-05,1.409e-05,3251781936997.0,1038730
2024-09-20,1.41e-05,1.451e-05,1.388e-05,1.438e-05,1977949160548.0,1064872
2024-09-21,1.438e-05,1.504e-05,1.41e-05,1.5e-05,1848213651996.0,811591
2024-09-22,1.499e-05,1.508e-05,1.415e-05,1.452e-05,1782333463943.0,990601
2024-09-23,1.453e-05,1.487e-05,1.42e-05,1.448e-05,1932619658827.0,1183194
2024-09-24,1.448e-05,1.492e-05,1.427e-05,1.483e-05,2033118707149.0,1064222
2024-09-25,1.483e-05,1.576e-05,1.472e-05,1.526e-05,3900893562948.0,1632759
2024-09-26,1.526e-05,1.935e-05,1.49e-05,1.862e-05,13472123037892.0,5152366
2024-09-27,1.863e-05,2.169e-05,1.855e-05,2.027e-05,13636255168900.0,7382015
2024-09-28,2.027e-05,2.147e-05,1.896e-05,1.962e-05,7441548624423.0,5099813
2024-09-29,1.963e-05,2.039e-05,1.904e-05,1.934e-05,5103581334012.0,3525179
2024-09-30,1.935e-05,1.937e-05,1.744e-05,1.757e-05,6199638319918.0,3493803
2024-10-01,1.756e-05,1.865e-05,1.55e-05,1.642e-05,10377289734292.0,4460643
2024-10-02,1.641e-05,1.71e-05,1.601e-05,1.628e-05,6502319016319.0,4174158
2024-10-03,1.628e-05,1.676e-05,1.548e-05,1.608e-05,4738603469897.0,3606119
2024-10-04,1.608e-05,1.773e-05,1.596e-05,1.739e-05,5098128322935.0,3140286
2024-10-05,1.74e-05,1.795e-05,1.69e-05,1.744e-05,3063834190658.0,1892989
2024-10-06,1.744e-05,1.885e-05,1.711e-05,1.812e-05,4024341109567.0,2094719
2024-10-07,1.813e-05,1.881e-05,1.741e-05,1.743e-05,5193279520789.0,3359233
2024-10-08,1.743e-05,1.77e-05,1.698e-05,1.725e-05,2906974095017.0,2435960
2024-10-09,1.725e-05,1.802e-05,1.671e-05,1.69e-05,2948195218189.0,2368229
2024-10-10,1.69e-05,1.723e-05,1.605e-05,1.678e-05,2681988159362.0,1914556
2024-10-11,1.678e-05,1.81e-05,1.658e-05,1.766e-05,3577650267322.0,1996311
2024-10-12,1.766e-05,1.813e-05,1.763e-05,1.785e-05,1955382916527.0,1315790
2024-10-13,1.785e-05,1.794e-05,1.708e-05,1.764e-05,1782795406926.0,1286233
2024-10-14,1.765e-05,1.898e-05,1.735e-05,1.87e-05,4328594848779.0,2229242
2024-10-15,1.871e-05,1.899e-05,1.753e-05,1.824e-05,5313225486291.0,3357990
2024-10-16,1.824e-05,1.915e-05,1.789e-05,1.859e-05,5226094306874.0,3462569
2024-10-17,1.858e-05,1.872e-05,1.759e-05,1.821e-05,3183920867808.0,2255424
2024-10-18,1.822e-05,1.933e-05,1.814e-05,1.879e-05,5064334479629.0,2537939
2024-10-19,1.879e-05,1.955e-05,1.865e-05,1.903e-05,3834642427649.0,1806346
2024-10-20,1.903e-05,1.919e-05,1.839e-05,1.904e-05,2101363516827.0,1334470
2024-10-21,1.904e-05,1.934e-05,1.803e-05,1.836e-05,3553284097875.0,2005300
2024-10-22,1.836e-05,1.862e-05,1.794e-05,1.815e-05,1895009662049.0,1520598
2024-10-23,1.815e-05,1.82e-05,1.706e-05,1.765e-05,2047740049325.0,1544538
2024-10-24,1.765e-05,1.819e-05,1.74e-05,1.803e-05,1800684770512.0,1268937
2024-10-25,1.804e-05,1.809e-05,1.583e-05,1.656e-05,3459052106274.0,1798250
2024-10-26,1.656e-05,1.716e-05,1.637e-05,1.701e-05,1816727599826.0,1135186
2024-10-27,1.702e-05,1.738e-05,1.683e-05,1.723e-05,1056909337685.0,694211
2024-10-28,1.724e-05,1.84e-05,1.681e-05,1.823e-05,3687266779943.0,2326268
2024-10-29,1.823e-05,1.983e-05,1.811e-05,1.906e-05,6703904569305.0,3358626
2024-10-30,1.907e-05,1.935e-05,1.82e-05,1.838e-05,3367176274275.0,2348045
2024-10-31,1.839e-05,1.919e-05,1.771e-05,1.79e-05,3619621696801.0,2606544
2024-11-01,1.79e-05,1.819e-05,1.716e-05,1.758e-05,3383422969829.0,2516314
2024-11-02,1.757e-05,1.794e-05,1.724e-05,1.745e-05,1088469889470.0,978763
2024-11-03,1.744e-05,1.747e-05,1.619e-05,1.689e-05,2152026818064.0,1858276
2024-11-04,1.689e-05,1.726e-05,1.639e-05,1.686e-05,2552509804154.0,2200277
2024-11-05,1.687e-05,1.855e-05,1.685e-05,1.786e-05,4714816089818.0,3155976
2024-11-06,1.787e-05,1.99e-05,1.785e-05,1.908e-05,12591567731826.0,5735268
2024-11-07,1.908e-05,1.951e-05,1.83e-05,1.916e-05,5291877486721.0,3250263
2024-11-08,1.916e-05,1.948e-05,1.84e-05,1.902e-05,5231858933605.0,3067181
2024-11-09,1.902e-05,2.051e-05,1.851e-05,2.05e-05,6775711807936.0,2774672
2024-11-10,2.05e-05,2.806e-05,2.012e-05,2.607e-05,41265867138638.0,16587177
2024-11-11,2.608e-05,2.896e-05,2.44e-05,2.789e-05,30237967572177.0,16812688
2024-11-12,2.789e-05,3.046e-05,2.436e-05,2.647e-05,37728928707212.0,17787299
2024-11-13,2.647e-05,2.794e-05,2.333e-05,2.583e-05,32974255388090.0,13822740
2024-11-14,2.582e-05,2.678e-05,2.283e-05,2.341e-05,19127043922820.0,10801030
2024-11-15,2.341e-05,2.606e-05,2.259e-05,2.556e-05,11132510019632.0,8298798
2024-11-16,2.555e-05,2.621e-05,2.4e-05,2.461e-05,9270022680517.0,7445993
2024-11-17,2.462e-05,2.571e-05,2.326e-05,2.479e-05,9271648870797.0,8086672
2024-11-18,2.479e-05,2.584e-05,2.402e-05,2.486e-05,9738577504656.0,7608633
2024-11-19,2.487e-05,2.616e-05,2.43e-05,2.475e-05,9974263081048.0,7231402
2024-11-20,2.474e-05,2.482e-05,2.339e-05,2.387e-05,6667473022342.0,5411100
2024-11-21,2.387e-05,2.547e-05,2.303e-05,2.476e-05,7253817201415.0,5570793
2024-11-22,2.476e-05,2.577e-05,2.425e-05,2.542e-05,9239219017660.0,6632983
2024-11-23,2.542e-05,2.813e-05,2.488e-05,2.593e-05,20292028429808.0,10801776
2024-11-24,2.593e-05,2.818e-05,2.428e-05,2.574e-05,11923331784938.0,8649755
2024-11-25,2.575e-05,2.649e-05,2.432e-05,2.476e-05,9141293899291.0,6479084
2024-11-26,2.476e-05,2.543e-05,2.332e-05,2.434e-05,5380263356450.0,6236994
2024-11-27,2.435e-05,2.585e-05,2.405e-05,2.573e-05,4343743016957.0,3690079
2024-11-28,2.573e-05,2.652e-05,2.487e-05,2.548e-05,4207019876984.0,4191379
2024-11-29,2.549e-05,2.636e-05,2.53e-05,2.603e-05,5674007313192.0,3178920
2024-11-30,2.604e-05,2.756e-05,2.556e-05,2.673e-05,8000191890561.0,4809823
2024-12-01,2.673e-05,3.316e-05,2.66e-05,3.086e-05,35252766445377.0,18747427
2024-12-02,3.087e-05,3.263e-05,2.823e-05,2.992e-05,18714326964919.0,13384665
2024-12-03,2.992e-05,3.095e-05,2.659e-05,2.861e-05,14384807718832.0,8675466
2024-12-04,2.861e-05,3.3e-05,2.859e-05,3.285e-05,18486708602343.0,11987379
2024-12-05,3.285e-05,3.296e-05,2.951e-05,3.045e-05,19783485557128.0,13949342
2024-12-06,3.046e-05,3.152e-05,2.91e-05,3.084e-05,8047493568750.0,6146932
2024-12-07,3.085e-05,3.335e-05,3.029e-05,3.197e-05,10593002589001.0,7832457
2024-12-08,3.196e-05,3.343e-05,3.12e-05,3.219e-05,7812903629427.0,6809364
2024-12-09,3.219e-05,3.222e-05,2.421e-05,2.725e-05,15667987938212.0,10856089
2024-12-10,2.725e-05,2.772e-05,2.418e-05,2.716e-05,15855985911459.0,11753139
2024-12-11,2.716e-05,2.933e-05,2.599e-05,2.879e-05,9883629950613.0,7428996
2024-12-12,2.88e-05,2.979e-05,2.779e-05,2.813e-05,6339958415521.0,6743666
2024-12-13,2.814e-05,2.859e-05,2.744e-05,2.855e-05,4140837255761.0,4791890
2024-12-14,2.854e-05,2.884e-05,2.683e-05,2.749e-05,3527035755366.0,3092205
2024-12-15,2.749e-05,2.807e-05,2.684e-05,2.788e-05,2419499856835.0,2671381
2024-12-16,2.789e-05,2.833e-05,2.655e-05,2.719e-05,3615687165963.0,4190348
2024-12-17,2.719e-05,2.749e-05,2.602e-05,2.632e-05,3567752751715.0,4054831
2024-12-18,2.633e-05,2.647e-05,2.371e-05,2.405e-05,7180619755691.0,5671135
2024-12-19,2.405e-05,2.45e-05,2.104e-05,2.157e-05,9977701447586.0,8384983
2024-12-20,2.156e-05,2.271e-05,1.853e-05,2.247e-05,11718605489671.0,9149285
2024-12-21,2.246e-05,2.4e-05,2.143e-05,2.17e-05,6195830888323.0,7779164
2024-12-22,2.171e-05,2.224e-05,2.088e-05,2.153e-05,3414064327148.0,5381949
2024-12-23,2.153e-05,2.284e-05,2.095e-05,2.251e-05,4123296778815.0,5936113
2024-12-24,2.251e-05,2.365e-05,2.192e-05,2.35e-05,3444288545722.0,3674373
2024-12-25,2.35e-05,2.408e-05,2.257e-05,2.283e-05,3011767165457.0,3368473
2024-12-26,2.283e-05,2.313e-05,2.128e-05,2.159e-05,2511376514586.0,3228117
2024-12-27,2.159e-05,2.243e-05,2.134e-05,2.17e-05,2288035452137.0,3177107
2024-12-28,2.169e-05,2.239e-05,2.153e-05,2.218e-05,1441391196613.0,1983302
2024-12-29,2.218e-05,2.245e-05,2.13e-05,2.135e-05,1628058917767.0,1848702
2024-12-30,2.135e-05,2.189e-05,2.053e-05,2.114e-05,2546728216573.0,3667901
2024-12-31,2.114e-05,2.191e-05,2.051e-05,2.118e-05,2758357733556.0,2953702
2025-01-01,2.118e-05,2.174e-05,2.071e-05,2.17e-05,1932452526838.0,1793136
2025-01-02,2.169e-05,2.306e-05,2.16e-05,2.291e-05,3227940784557.0,3236033
2025-01-03,2.291e-05,2.464e-05,2.249e-05,2.443e-05,3326637610500.0,3515508
2025-01-04,2.442e-05,2.493e-05,2.388e-05,2.433e-05,2577410961153.0,2949219
2025-01-05,2.434e-05,2.441e-05,2.345e-05,2.392e-05,1808839971741.0,1928055
2025-01-06,2.393e-05,2.462e-05,2.342e-05,2.406e-05,2760588269624.0,2932046
2025-01-07,2.406e-05,2.428e-05,2.167e-05,2.179e-05,4990949237981.0,3615185
2025-01-08,2.179e-05,2.198e-05,2.025e-05,2.13e-05,4060310316268.0,4920138
2025-01-09,2.129e-05,2.203e-05,2.048e-05,2.104e-05,2969000294233.0,4571090
2025-01-10,2.104e-05,2.19e-05,2.103e-05,2.156e-05,2664676966361.0,3893549
2025-01-11,2.157e-05,2.274e-05,2.134e-05,2.221e-05,2064915162941.0,2113958
2025-01-12,2.221e-05,2.221e-05,2.129e-05,2.156e-05,1343111945315.0,1582121
2025-01-13,2.156e-05,2.216e-05,1.96e-05,2.12e-05,4807818267201.0,5281205
2025-01-14,2.121e-05,2.2e-05,2.11e-05,2.163e-05,2245858609873.0,2417307
2025-01-15,2.163e-05,2.285e-05,2.093e-05,2.274e-05,3994883473032.0,3165713
2025-01-16,2.274e-05,2.282e-05,2.17e-05,2.202e-05,3821784510543.0,3653348
2025-01-17,2.202e-05,2.463e-05,2.201e-05,2.419e-05,7596807405117.0,5041788
2025-01-18,2.419e-05,2.497e-05,2.235e-05,2.278e-05,6420846286036.0,5072754
2025-01-19,2.277e-05,2.326e-05,1.975e-05,2.034e-05,15543684050898.0,6239504
2025-01-20,2.035e-05,2.22e-05,1.964e-05,2.033e-05,13016258850106.0,6353604
2025-01-21,2.034e-05,2.136e-05,1.965e-05,2.09e-05,5654428919384.0,5515679
2025-01-22,2.091e-05,2.1e-05,2.006e-05,2.018e-05,2193280532682.0,2373890
2025-01-23,2.017e-05,2.05e-05,1.954e-05,2.014e-05,3329864319027.0,3438874
2025-01-24,2.014e-05,2.057e-05,1.949e-05,1.997e-05,2212494542789.0,2403113
2025-01-25,1.997e-05,2.023e-05,1.969e-05,1.994e-05,1120935326879.0,1206862
2025-01-26,1.994e-05,2.016e-05,1.903e-05,1.909e-05,1450771662343.0,949173
2025-01-27,1.91e-05,1.917e-05,1.727e-05,1.897e-05,4461333503771.0,4473150
2025-01-28,1.898e-05,1.933e-05,1.771e-05,1.796e-05,2237457859035.0,2164613
2025-01-29,1.797e-05,1.882e-05,1.781e-05,1.829e-05,2782552724758.0,2492694
2025-01-30,1.83e-05,1.899e-05,1.817e-05,1.868e-05,1881177049609.0,1378971
2025-01-31,1.868e-05,1.968e-05,1.848e-05,1.89e-05,2927643514630.0,1939201
2025-02-01,1.889e-05,1.925e-05,1.747e-05,1.76e-05,2627678057063.0,1674002
2025-02-02,1.761e-05,1.796e-05,1.471e-05,1.551e-05,8899643466817.0,4347372
2025-02-03,1.552e-05,1.688e-05,1.16e-05,1.68e-05,20635270646663.0,7080225
2025-02-04,1.679e-05,1.694e-05,1.506e-05,1.575e-05,7350292457897.0,5383322
2025-02-05,1.575e-05,1.676e-05,1.55e-05,1.577e-05,3837838627256.0,3992971
2025-02-06,1.577e-05,1.616e-05,1.473e-05,1.486e-05,3492494016702.0,3264131
2025-02-07,1.486e-05,1.572e-05,1.462e-05,1.51e-05,3358832754906.0,2876892
2025-02-08,1.51e-05,1.607e-05,1.501e-05,1.596e-05,2330037781675.0,1525853
2025-02-09,1.596e-05,1.654e-05,1.514e-05,1.566e-05,2098392933305.0,1641524
2025-02-10,1.567e-05,1.612e-05,1.528e-05,1.58e-05,1648398895424.0,2131872
2025-02-11,1.58e-05,1.65e-05,1.544e-05,1.569e-05,2523764521837.0,1956424
2025-02-12,1.569e-05,1.734e-05,1.548e-05,1.7e-05,5012643490904.0,2943734
2025-02-13,1.7e-05,1.704e-05,1.592e-05,1.629e-05,2474925503348.0,2013306
2025-02-14,1.63e-05,1.719e-05,1.618e-05,1.672e-05,2642705376276.0,2237657
2025-02-15,1.672e-05,1.703e-05,1.623e-05,1.632e-05,1464264779379.0,1475486
2025-02-16,1.633e-05,1.64e-05,1.583e-05,1.596e-05,1123582763290.0,1122705
2025-02-17,1.597e-05,1.629e-05,1.537e-05,1.575e-05,2010712116953.0,1881410
2025-02-18,1.575e-05,1.58e-05,1.487e-05,1.523e-05,1820336262140.0,2049109
2025-02-19,1.523e-05,1.554e-05,1.505e-05,1.541e-05,1065344205286.0,1164114
2025-02-20,1.542e-05,1.562e-05,1.529e-05,1.554e-05,1070498362866.0,886324
2025-02-21,1.554e-05,1.598e-05,1.485e-05,1.508e-05,2141722282338.0,1844716
2025-02-22,1.509e-05,1.579e-05,1.502e-05,1.56e-05,872922499123.0,634917
2025-02-23,1.561e-05,1.578e-05,1.532e-05,1.546e-05,752069272902.0,621269
2025-02-24,1.546e-05,1.556e-05,1.344e-05,1.364e-05,3597257876096.0,2477368
2025-02-25,1.364e-05,1.428e-05,1.303e-05,1.409e-05,5528727615225.0,4317373
2025-02-26,1.41e-05,1.456e-05,1.376e-05,1.443e-05,2765089146266.0,2819665
2025-02-27,1.442e-05,1.486e-05,1.42e-05,1.443e-05,1849442911756.0,1965227
2025-02-28,1.443e-05,1.445e-05,1.3e-05,1.394e-05,4606734654526.0,3440783
2025-03-01,1.393e-05,1.416e-05,1.34e-05,1.365e-05,1178017543637.0,1119341
2025-03-02,1.364e-05,1.52e-05,1.349e-05,1.515e-05,4232071717168.0,2372323
2025-03-03,1.515e-05,1.52e-05,1.269e-05,1.291e-05,5456571377082.0,3976654
2025-03-04,1.291e-05,1.326e-05,1.218e-05,1.309e-05,6399189018557.0,3645626
2025-03-05,1.308e-05,1.345e-05,1.286e-05,1.337e-05,1761990956923.0,1840131
2025-03-06,1.337e-05,1.383e-05,1.315e-05,1.339e-05,1715764587847.0,1815391
2025-03-07,1.339e-05,1.376e-05,1.276e-05,1.315e-05,3202440780353.0,2531066
2025-03-08,1.314e-05,1.326e-05,1.256e-05,1.267e-05,1313231802009.0,1000045
2025-03-09,1.267e-05,1.272e-05,1.151e-05,1.165e-05,2483686943525.0,1926530
2025-03-10,1.166e-05,1.3e-05,1.143e-05,1.15e-05,4701056949896.0,3543065
2025-03-11,1.15e-05,1.229e-05,1.082e-05,1.205e-05,4388564560815.0,2606920
2025-03-12,1.204e-05,1.261e-05,1.177e-05,1.233e-05,2510097305660.0,2140802
2025-03-13,1.232e-05,1.24e-05,1.179e-05,1.202e-05,1787826831503.0,1435615
2025-03-14,1.203e-05,1.292e-05,1.198e-05,1.278e-05,1715406277774.0,1099565
2025-03-15,1.277e-05,1.298e-05,1.262e-05,1.284e-05,797986600161.0,648221
2025-03-16,1.284e-05,1.383e-05,1.256e-05,1.311e-05,3293490564142.0,1933496
2025-03-17,1.312e-05,1.36e-05,1.277e-05,1.295e-05,2266225094029.0,1244715
2025-03-18,1.296e-05,1.297e-05,1.226e-05,1.255e-05,1239717626759.0,902012
2025-03-19,1.255e-05,1.299e-05,1.248e-05,1.293e-05,1676982515057.0,1201405
2025-03-20,1.294e-05,1.304e-05,1.26e-05,1.294e-05,1100859858806.0,884773
2025-03-21,1.294e-05,1.309e-05,1.245e-05,1.251e-05,978518210968.0,744949
2025-03-22,1.251e-05,1.296e-05,1.247e-05,1.281e-05,707364500248.0,424525
2025-03-23,1.281e-05,1.313e-05,1.278e-05,1.295e-05,848798440236.0,468366
2025-03-24,1.295e-05,1.37e-05,1.277e-05,1.353e-05,1584518484251.0,1076245
2025-03-25,1.352e-05,1.405e-05,1.335e-05,1.384e-05,1589853549932.0,1195080
2025-03-26,1.384e-05,1.567e-05,1.379e-05,1.421e-05,5493331582376.0,3143299
2025-03-27,1.421e-05,1.473e-05,1.392e-05,1.402e-05,2175156858900.0,1627042
2025-03-28,1.402e-05,1.405e-05,1.301e-05,1.324e-05,2187479919738.0,1453807
2025-03-29,1.325e-05,1.339e-05,1.243e-05,1.268e-05,1429260171148.0,1335790
2025-03-30,1.267e-05,1.285e-05,1.228e-05,1.245e-05,1611688852041.0,1096870
2025-03-31,1.246e-05,1.258e-05,1.197e-05,1.238e-05,2000711148283.0,1747975
2025-04-01,1.238e-05,1.315e-05,1.237e-05,1.269e-05,1534773505827.0,1267323
2025-04-02,1.269e-05,1.305e-05,1.195e-05,1.205e-05,3506214293093.0,2415866
2025-04-03,1.206e-05,1.244e-05,1.182e-05,1.223e-05,1965206970270.0,1595156
2025-04-04,1.223e-05,1.254e-05,1.193e-05,1.23e-05,2534881970519.0,1867802
2025-04-05,1.231e-05,1.244e-05,1.208e-05,1.234e-05,680525576437.0,468653
2025-04-06,1.234e-05,1.239e-05,1.102e-05,1.133e-05,2500636032248.0,1661499
2025-04-07,1.133e-05,1.183e-05,1.028e-05,1.142e-05,6559880042013.0,4515390
2025-04-08,1.143e-05,1.173e-05,1.053e-05,1.066e-05,2386534580097.0,1948213
2025-04-09,1.066e-05,1.214e-05,1.029e-05,1.193e-05,4069201272426.0,2835930
2025-04-10,1.193e-05,1.214e-05,1.141e-05,1.162e-05,1968179220963.0,1627451
2025-04-11,1.163e-05,1.238e-05,1.16e-05,1.22e-05,1375393441631.0,965822
2025-04-12,1.221e-05,1.268e-05,1.204e-05,1.254e-05,1189414879539.0,906098
2025-04-13,1.254e-05,1.259e-05,1.193e-05,1.205e-05,1464094643575.0,1213909
2025-04-14,1.205e-05,1.244e-05,1.193e-05,1.2e-05,1658894045681.0,1310821
2025-04-15,1.201e-05,1.215e-05,1.165e-05,1.167e-05,1225092312074.0,918430
2025-04-16,1.168e-05,1.198e-05,1.146e-05,1.183e-05,1340109650833.0,1091930
2025-04-17,1.184e-05,1.205e-05,1.162e-05,1.18e-05,957709683389.0,691260
2025-04-18,1.179e-05,1.247e-05,1.167e-05,1.229e-05,1033567297787.0,556926
2025-04-19,1.229e-05,1.242e-05,1.212e-05,1.234e-05,706302243369.0,374326
2025-04-20,1.235e-05,1.256e-05,1.209e-05,1.236e-05,1048042301986.0,487757
2025-04-21,1.235e-05,1.281e-05,1.22e-05,1.236e-05,1461935856011.0,910843
2025-04-22,1.237e-05,1.381e-05,1.217e-05,1.358e-05,2318064439949.0,1371924
2025-04-23,1.357e-05,1.39e-05,1.315e-05,1.357e-05,2493964991694.0,1556862
2025-04-24,1.357e-05,1.38e-05,1.29e-05,1.379e-05,1617168875094.0,1155245
2025-04-25,1.378e-05,1.429e-05,1.366e-05,1.415e-05,2294807401689.0,1623979
2025-04-26,1.416e-05,1.524e-05,1.403e-05,1.414e-05,2340149898408.0,1611020
2025-04-27,1.414e-05,1.419e-05,1.342e-05,1.345e-05,1428310507468.0,1039019
2025-04-28,1.345e-05,1.421e-05,1.316e-05,1.374e-05,2011725405796.0,1455777
2025-04-29,1.374e-05,1.393e-05,1.325e-05,1.341e-05,1761118501764.0,1215478
2025-04-30,1.341e-05,1.354e-05,1.279e-05,1.324e-05,1311630988454.0,1135673
2025-05-01,1.323e-05,1.375e-05,1.319e-05,1.35e-05,1461532779857.0,881246
2025-05-02,1.35e-05,1.369e-05,1.327e-05,1.346e-05,1051704811555.0,932904
2025-05-03,1.346e-05,1.348e-05,1.288e-05,1.297e-05,799292995550.0,545213
2025-05-04,1.297e-05,1.323e-05,1.26e-05,1.267e-05,928140542250.0,778944
2025-05-05,1.266e-05,1.298e-05,1.252e-05,1.269e-05,1299860154214.0,810295
2025-05-06,1.269e-05,1.277e-05,1.23e-05,1.274e-05,1157661055061.0,1045927
2025-05-07,1.274e-05,1.295e-05,1.255e-05,1.28e-05,944284325610.0,784869
2025-05-08,1.281e-05,1.458e-05,1.272e-05,1.44e-05,3272879157517.0,1608777
2025-05-09,1.439e-05,1.563e-05,1.411e-05,1.505e-05,5663883206988.0,3478876
2025-05-10,1.505e-05,1.71e-05,1.485e-05,1.707e-05,4920235954755.0,3476533
2025-05-11,1.707e-05,1.729e-05,1.56e-05,1.591e-05,4265934971827.0,3207608
2025-05-12,1.59e-05,1.765e-05,1.504e-05,1.576e-05,7410275242128.0,4832530
2025-05-13,1.576e-05,1.661e-05,1.479e-05,1.635e-05,4550088999597.0,2888317
2025-05-14,1.636e-05,1.671e-05,1.551e-05,1.572e-05,3042986152228.0,2169714
2025-05-15,1.572e-05,1.59e-05,1.444e-05,1.482e-05,3002306065121.0,2186144
2025-05-16,1.483e-05,1.52e-05,1.44e-05,1.457e-05,1530516980920.0,1369533
2025-05-17,1.457e-05,1.462e-05,1.397e-05,1.418e-05,1578171720705.0,1129811
2025-05-18,1.419e-05,1.536e-05,1.407e-05,1.5e-05,2383540552958.0,1287367
2025-05-19,1.501e-05,1.514e-05,1.388e-05,1.46e-05,1969394271007.0,1374087
2025-05-20,1.46e-05,1.492e-05,1.412e-05,1.461e-05,1374393587710.0,954887
2025-05-21,1.461e-05,1.517e-05,1.428e-05,1.482e-05,2974810479469.0,1099798
2025-05-22,1.483e-05,1.555e-05,1.482e-05,1.554e-05,2826227204210.0,1133347
2025-05-23,1.554e-05,1.605e-05,1.418e-05,1.431e-05,4420136344884.0,1598265
2025-05-24,1.431e-05,1.459e-05,1.424e-05,1.438e-05,1146964055920.0,481424
2025-05-25,1.438e-05,1.469e-05,1.391e-05,1.448e-05,1677673223762.0,677468
2025-05-26,1.447e-05,1.476e-05,1.419e-05,1.44e-05,1257232241158.0,518283
2025-05-27,1.441e-05,1.468e-05,1.404e-05,1.445e-05,1761059095955.0,600530
2025-05-28,1.446e-05,1.455e-05,1.393e-05,1.433e-05,1166405076498.0,503274
2025-05-29,1.433e-05,1.47e-05,1.383e-05,1.39e-05,1737328619352.0,596563
2025-05-30,1.39e-05,1.397e-05,1.266e-05,1.277e-05,3780321478357.0,812808
2025-05-31,1.276e-05,1.294e-05,1.225e-05,1.281e-05,1942124525928.0,719451
2025-06-01,1.281e-05,1.308e-05,1.257e-05,1.295e-05,1073641241011.0,377810
2025-06-02,1.295e-05,1.324e-05,1.263e-05,1.319e-05,1374355702750.0,457246
2025-06-03,1.32e-05,1.344e-05,1.293e-05,1.304e-05,1102204644901.0,389048
2025-06-04,1.304e-05,1.319e-05,1.269e-05,1.281e-05,1406355850714.0,297785
2025-06-05,1.28e-05,1.297e-05,1.189e-05,1.2e-05,2951028867774.0,537894
2025-06-06,1.2e-05,1.283e-05,1.194e-05,1.241e-05,1248365530775.0,274925
2025-06-07,1.242e-05,1.289e-05,1.234e-05,1.273e-05,769405115823.0,243140
2025-06-08,1.273e-05,1.273e-05,1.241e-05,1.249e-05,781983208540.0,215664
2025-06-09,1.25e-05,1.317e-05,1.233e-05,1.312e-05,1609971541376.0,330210
2025-06-10,1.311e-05,1.338e-05,1.282e-05,1.337e-05,2278176009580.0,649887
2025-06-11,1.337e-05,1.362e-05,1.284e-05,1.294e-05,1840028899751.0,825432
2025-06-12,1.295e-05,1.3e-05,1.212e-05,1.221e-05,1617110623500.0,565662
2025-06-13,1.221e-05,1.222e-05,1.138e-05,1.211e-05,4472816471604.0,637147
2025-06-14,1.211e-05,1.224e-05,1.187e-05,1.205e-05,1119665227180.0,269287
2025-06-15,1.205e-05,1.215e-05,1.18e-05,1.204e-05,795346785117.0,198665
2025-06-16,1.204e-05,1.233e-05,1.184e-05,1.186e-05,1409066207883.0,318586
2025-06-17,1.187e-05,1.208e-05,1.134e-05,1.161e-05,1879184597398.0,440973
2025-06-18,1.16e-05,1.179e-05,1.135e-05,1.169e-05,1115151358067.0,362226
2025-06-19,1.168e-05,1.177e-05,1.142e-05,1.159e-05,623263057915.0,209400
2025-06-20,1.159e-05,1.184e-05,1.106e-05,1.13e-05,1164671515836.0,400407
2025-06-21,1.13e-05,1.143e-05,1.057e-05,1.09e-05,1129581809199.0,299451
2025-06-22,1.09e-05,1.106e-05,1.004e-05,1.06e-05,2869954691151.0,720605
2025-06-23,1.059e-05,1.167e-05,1.056e-05,1.157e-05,2240291900296.0,594524
2025-06-24,1.156e-05,1.191e-05,1.151e-05,1.171e-05,1050063405260.0,438450
2025-06-25,1.171e-05,1.178e-05,1.148e-05,1.162e-05,840549236293.0,372754
2025-06-26,1.161e-05,1.18e-05,1.116e-05,1.121e-05,1035956613863.0,310481
2025-06-27,1.12e-05,1.14e-05,1.105e-05,1.133e-05,916035649056.0,281147
2025-06-28,1.133e-05,1.163e-05,1.128e-05,1.155e-05,682540960728.0,135891
2025-06-29,1.155e-05,1.199e-05,1.145e-05,1.187e-05,837285221938.0,211743
2025-06-30,1.187e-05,1.193e-05,1.126e-05,1.142e-05,1247829922823.0,325678
2025-07-01,1.142e-05,1.151e-05,1.108e-05,1.119e-05,856629922894.0,181366
2025-07-02,1.12e-05,1.2e-05,1.113e-05,1.18e-05,1408041048835.0,290907
2025-07-03,1.179e-05,1.215e-05,1.172e-05,1.189e-05,1419596491738.0,376318
2025-07-04,1.188e-05,1.2e-05,1.121e-05,1.143e-05,1099311653488.0,251964
2025-07-05,1.143e-05,1.159e-05,1.134e-05,1.147e-05,573978406931.0,90850
2025-07-06,1.147e-05,1.197e-05,1.137e-05,1.182e-05,1020717089822.0,215399
2025-07-07,1.183e-05,1.194e-05,1.145e-05,1.163e-05,887200469441.0,227404
2025-07-08,1.162e-05,1.197e-05,1.153e-05,1.185e-05,1065793102326.0,233362
2025-07-09,1.186e-05,1.255e-05,1.176e-05,1.239e-05,1854205835596.0,388034
2025-07-10,1.239e-05,1.344e-05,1.229e-05,1.334e-05,3188741943041.0,588546
2025-07-11,1.334e-05,1.387e-05,1.306e-05,1.33e-05,4284081015352.0,1397224
2025-07-12,1.33e-05,1.354e-05,1.282e-05,1.32e-05,2064831901597.0,861570
2025-07-13,1.32e-05,1.35e-05,1.308e-05,1.33e-05,1671006850861.0,678792
2025-07-14,1.331e-05,1.416e-05,1.312e-05,1.325e-05,2430262593552.0,1184616
2025-07-15,1.325e-05,1.383e-05,1.275e-05,1.375e-05,2082549936573.0,1136866
2025-07-16,1.374e-05,1.485e-05,1.345e-05,1.436e-05,3338276224602.0,1081967
2025-07-17,1.437e-05,1.474e-05,1.387e-05,1.447e-05,3413641616560.0,1665800
2025-07-18,1.447e-05,1.578e-05,1.422e-05,1.468e-05,5723583426590.0,2205334
2025-07-19,1.467e-05,1.536e-05,1.431e-05,1.49e-05,2796670770894.0,1159814
2025-07-20,1.49e-05,1.584e-05,1.479e-05,1.551e-05,3634966406568.0,1404728
2025-07-21,1.552e-05,1.597e-05,1.509e-05,1.547e-05,3866549582565.0,1950716
2025-07-22,1.547e-05,1.567e-05,1.473e-05,1.546e-05,3347784727625.0,1955591
2025-07-23,1.546e-05,1.547e-05,1.341e-05,1.386e-05,3961601046596.0,1684929
2025-07-24,1.385e-05,1.405e-05,1.297e-05,1.361e-05,3098480956975.0,1687353
2025-07-25,1.362e-05,1.411e-05,1.311e-05,1.409e-05,2254531451527.0,1322272
2025-07-26,1.409e-05,1.423e-05,1.39e-05,1.397e-05,1134070426906.0,326318
2025-07-27,1.397e-05,1.428e-05,1.389e-05,1.416e-05,1017672717802.0,560135
2025-07-28,1.416e-05,1.438e-05,1.326e-05,1.336e-05,2052979769062.0,1024888
2025-07-29,1.336e-05,1.368e-05,1.289e-05,1.313e-05,1759326275566.0,793812
2025-07-30,1.312e-05,1.319e-05,1.224e-05,1.286e-05,2236478867160.0,866527
2025-07-31,1.287e-05,1.318e-05,1.238e-05,1.244e-05,1173478323000.0,586788
2025-08-01,1.244e-05,1.251e-05,1.173e-05,1.206e-05,3083013994014.0,1391583
2025-08-02,1.207e-05,1.227e-05,1.16e-05,1.182e-05,1217348662109.0,768781
2025-08-03,1.182e-05,1.226e-05,1.166e-05,1.22e-05,687965633409.0,273358
2025-08-04,1.22e-05,1.257e-05,1.219e-05,1.252e-05,1062193223652.0,357993
2025-08-05,1.251e-05,1.259e-05,1.185e-05,1.208e-05,1812005999143.0,552445
2025-08-06,1.209e-05,1.244e-05,1.188e-05,1.234e-05,957903067927.0,362014
2025-08-07,1.233e-05,1.289e-05,1.228e-05,1.287e-05,1371073036092.0,411681
2025-08-08,1.288e-05,1.333e-05,1.27e-05,1.326e-05,2566023871452.0,1030685
2025-08-09,1.325e-05,1.406e-05,1.317e-05,1.372e-05,1891781457805.0,762742
2025-08-10,1.373e-05,1.4e-05,1.326e-05,1.357e-05,1556931295393.0,667747
2025-08-11,1.357e-05,1.392e-05,1.282e-05,1.293e-05,2363397978950.0,909036
2025-08-12,1.292e-05,1.375e-05,1.271e-05,1.354e-05,1584989228879.0,749150
2025-08-13,1.354e-05,1.403e-05,1.34e-05,1.392e-05,2306628472914.0,1046951
2025-08-14,1.392e-05,1.419e-05,1.262e-05,1.288e-05,3305984172367.0,1213847
2025-08-15,1.289e-05,1.315e-05,1.25e-05,1.287e-05,1871678435891.0,798661
2025-08-16,1.286e-05,1.305e-05,1.278e-05,1.299e-05,678157927675.0,324198
2025-08-17,1.299e-05,1.339e-05,1.29e-05,1.302e-05,689497531370.0,335591
2025-08-18,1.301e-05,1.303e-05,1.244e-05,1.27e-05,1280840318229.0,617316
2025-08-19,1.271e-05,1.281e-05,1.206e-05,1.209e-05,1425696490534.0,689283
2025-08-20,1.21e-05,1.264e-05,1.203e-05,1.258e-05,1160379103280.0,572828
2025-08-21,1.257e-05,1.272e-05,1.226e-05,1.238e-05,807551669864.0,468995
2025-08-22,1.237e-05,1.35e-05,1.202e-05,1.338e-05,3340802305308.0,987308
2025-08-23,1.339e-05,1.34e-05,1.294e-05,1.326e-05,1399050916369.0,429574
2025-08-24,1.327e-05,1.351e-05,1.271e-05,1.296e-05,2047316850334.0,789361
2025-08-25,1.297e-05,1.314e-05,1.183e-05,1.204e-05,2428082904332.0,1030386
2025-08-26,1.204e-05,1.262e-05,1.191e-05,1.255e-05,1483452552159.0,496093
2025-08-27,1.255e-05,1.265e-05,1.237e-05,1.25e-05,1268529095457.0,561185
2025-08-28,1.249e-05,1.273e-05,1.24e-05,1.268e-05,965680538328.0,432841
2025-08-29,1.268e-05,1.273e-05,1.198e-05,1.22e-05,2079636977875.0,479240
2025-08-30,1.22e-05,1.248e-05,1.203e-05,1.234e-05,671373880670.0,224547
2025-08-31,1.233e-05,1.251e-05,1.216e-05,1.218e-05,610191602998.0,209740
2025-09-01,1.219e-05,1.261e-05,1.181e-05,1.211e-05,1953220381523.0,586079
2025-09-02,1.21e-05,1.248e-05,1.203e-05,1.244e-05,1430475481767.0,442169
2025-09-03,1.244e-05,1.257e-05,1.229e-05,1.248e-05,784032913930.0,229078
2025-09-04,1.248e-05,1.253e-05,1.2e-05,1.212e-05,959252028970.0,242011
2025-09-05,1.212e-05,1.248e-05,1.206e-05,1.24e-05,1443764294688.0,372690
2025-09-06,1.239e-05,1.245e-05,1.215e-05,1.227e-05,511696341155.0,124835
2025-09-07,1.227e-05,1.251e-05,1.226e-05,1.248e-05,664019734547.0,133719
2025-09-08,1.247e-05,1.298e-05,1.239e-05,1.287e-05,1733687244206.0,429323
2025-09-09,1.287e-05,1.32e-05,1.266e-05,1.289e-05,1885315635889.0,655098
2025-09-10,1.289e-05,1.317e-05,1.275e-05,1.305e-05,1519281587717.0,438938
2025-09-11,1.306e-05,1.327e-05,1.289e-05,1.325e-05,1357442644173.0,447960
2025-09-12,1.326e-05,1.392e-05,1.319e-05,1.391e-05,2384825477294.0,540577
2025-09-13,1.391e-05,1.484e-05,1.374e-05,1.429e-05,4806483954978.0,1174811
2025-09-14,1.428e-05,1.43e-05,1.353e-05,1.368e-05,1642118486161.0,686796
2025-09-15,1.369e-05,1.381e-05,1.292e-05,1.306e-05,2234397093329.0,514851
2025-09-16,1.306e-05,1.326e-05,1.286e-05,1.316e-05,1288089516059.0,375331
2025-09-17,1.316e-05,1.361e-05,1.283e-05,1.35e-05,1695091586917.0,591225
2025-09-18,1.35e-05,1.361e-05,1.327e-05,1.339e-05,1388947426592.0,483036
2025-09-19,1.339e-05,1.356e-05,1.277e-05,1.287e-05,1323920632525.0,458344
2025-09-20,1.286e-05,1.306e-05,1.277e-05,1.293e-05,760648355029.0,198754
2025-09-21,1.292e-05,1.304e-05,1.273e-05,1.274e-05,1121077142526.0,205019
2025-09-22,1.274e-05,1.278e-05,1.178e-05,1.213e-05,3493818951801.0,602400
2025-09-23,1.212e-05,1.229e-05,1.189e-05,1.21e-05,1553171450984.0,341882
2025-09-24,1.21e-05,1.237e-05,1.19e-05,1.214e-05,1155801122952.0,308768
2025-09-25,1.214e-05,1.217e-05,1.148e-05,1.164e-05,1910467546134.0,539548
2025-09-26,1.164e-05,1.198e-05,1.15e-05,1.191e-05,966028178979.0,320807
2025-09-27,1.191e-05,1.192e-05,1.171e-05,1.18e-05,516641077593.0,123364
2025-09-28,1.18e-05,1.203e-05,1.158e-05,1.202e-05,742286252624.0,144189
2025-09-29,1.202e-05,1.205e-05,1.171e-05,1.197e-05,1014756330729.0,231346
2025-09-30,1.197e-05,1.2e-05,1.154e-05,1.182e-05,879029506945.0,239620
2025-10-01,1.182e-05,1.24e-05,1.175e-05,1.239e-05,1145423343468.0,263923
2025-10-02,1.239e-05,1.271e-05,1.231e-05,1.263e-05,1036189513733.0,332017
2025-10-03,1.264e-05,1.288e-05,1.234e-05,1.266e-05,1025284295165.0,384050
2025-10-04,1.267e-05,1.275e-05,1.223e-05,1.237e-05,748405817942.0,231086
2025-10-05,1.237e-05,1.298e-05,1.23e-05,1.245e-05,2125171544374.0,365495
2025-10-06,1.245e-05,1.301e-05,1.237e-05,1.285e-05,1300595667571.0,376361
2025-10-07,1.285e-05,1.291e-05,1.217e-05,1.219e-05,1620868327617.0,421805
2025-10-08,1.219e-05,1.247e-05,1.203e-05,1.233e-05,1003713493386.0,308857
2025-10-09,1.233e-05,1.234e-05,1.172e-05,1.201e-05,992633062208.0,276627
2025-10-10,1.201e-05,1.215e-05,6.78e-06,9.74e-06,7415264674560.0,1132259
2025-10-11,9.74e-06,1.072e-05,9.56e-06,9.95e-06,4284988240779.0,1008580
2025-10-12,9.96e-06,1.088e-05,9.78e-06,1.069e-05,2469414999945.0,742542
2025-10-13,1.07e-05,1.129e-05,1.054e-05,1.111e-05,2206503082595.0,843199
2025-10-14,1.11e-05,1.118e-05,1.019e-05,1.074e-05,1898531288330.0,845814
2025-10-15,1.074e-05,1.09e-05,1.018e-05,1.032e-05,998992319371.0,476963
2025-10-16,1.033e-05,1.053e-05,9.88e-06,1.001e-05,1422568576534.0,721629
2025-10-17,1.001e-05,1.012e-05,9.24e-06,9.75e-06,2041224042484.0,779451
2025-10-18,9.75e-06,9.99e-06,9.73e-06,9.91e-06,818072803998.0,180647
2025-10-19,9.91e-06,1.019e-05,9.79e-06,1.007e-05,873980247695.0,289498
2025-10-20,1.008e-05,1.034e-05,9.92e-06,1.019e-05,1072961231195.0,348913
2025-10-21,1.018e-05,1.055e-05,9.86e-06,1.005e-05,1306122781772.0,517615
2025-10-22,1.005e-05,1.01e-05,9.59e-06,9.86e-06,1414142732508.0,469916
2025-10-23,9.86e-06,1.021e-05,9.85e-06,1.01e-05,920786256489.0,233576
2025-10-24,1.01e-05,1.034e-05,1.004e-05,1.024e-05,739517488406.0,191970
2025-10-25,1.024e-05,1.026e-05,1.009e-05,1.02e-05,466969052524.0,85052
2025-10-26,1.019e-05,1.069e-05,1.009e-05,1.056e-05,850997954506.0,175151
2025-10-27,1.056e-05,1.07e-05,1.033e-05,1.039e-05,987366663554.0,274303
2025-10-28,1.039e-05,1.045e-05,9.96e-06,1.012e-05,1000146769481.0,349194
2025-10-29,1.012e-05,1.045e-05,9.95e-06,1.016e-05,1362751808208.0,429911
2025-10-30,1.016e-05,1.025e-05,9.36e-06,9.73e-06,1591694251114.0,582203
2025-10-31,9.73e-06,1.007e-05,9.7e-06,1.003e-05,972709626271.0,254244
2025-11-01,1.003e-05,1.026e-05,9.96e-06,1.02e-05,642310004056.0,143578
2025-11-02,1.019e-05,1.025e-05,9.95e-06,1.017e-05,548217503381.0,185725
2025-11-03,1.017e-05,1.019e-05,8.94e-06,9.19e-06,2142981131571.0,644620
2025-11-04,9.19e-06,9.32e-06,8.37e-06,8.85e-06,3419579342763.0,960750
2025-11-05,8.84e-06,9.23e-06,8.42e-06,9.16e-06,1679196190583.0,352451
2025-11-06,9.15e-06,9.18e-06,8.78e-06,9.02e-06,1169848410827.0,347966
2025-11-07,9.03e-06,1.035e-05,9.02e-06,1.002e-05,2723344408660.0,626455
2025-11-08,1.003e-05,1.029e-05,9.69e-06,9.97e-06,1410210391065.0,461439
2025-11-09,9.97e-06,1.009e-05,9.63e-06,9.99e-06,1101635185310.0,366896
2025-11-10,9.99e-06,1.023e-05,9.87e-06,1.014e-05,1344746875530.0,412337
2025-11-11,1.015e-05,1.027e-05,9.62e-06,9.63e-06,991146974181.0,463550
2025-11-12,9.64e-06,9.99e-06,9.45e-06,9.5e-06,1201043630185.0,387362
2025-11-13,9.5e-06,9.87e-06,9.04e-06,9.31e-06,1154686563711.0,532197
2025-11-14,9.3e-06,9.37e-06,8.85e-06,8.99e-06,1355039421202.0,676820
2025-11-15,8.99e-06,9.27e-06,8.96e-06,9.04e-06,744846366417.0,193138
2025-11-16,9.04e-06,9.23e-06,8.64e-06,8.9e-06,1133122857443.0,388545
2025-11-17,8.89e-06,9.18e-06,8.46e-06,8.59e-06,1331043920084.0,514899
2025-11-18,8.59e-06,9.02e-06,8.48e-06,8.87e-06,1359433260676.0,424748
2025-11-19,8.87e-06,8.92e-06,8.23e-06,8.56e-06,1779499052410.0,448558
2025-11-20,8.56e-06,8.84e-06,8.12e-06,8.26e-06,1561645041533.0,518282
2025-11-21,8.25e-06,8.4e-06,7.55e-06,7.85e-06,2573252722517.0,900106
2025-11-22,7.85e-06,7.89e-06,7.56e-06,7.8e-06,966123560749.0,334898
2025-11-23,7.8e-06,8.05e-06,7.76e-06,7.85e-06,953930685065.0,221908
2025-11-24,7.85e-06,8.43e-06,7.79e-06,8.34e-06,1352209779051.0,376142
2025-11-25,8.33e-06,8.92e-06,8.03e-06,8.79e-06,1219573861461.0,318396
2025-11-26,8.8e-06,8.84e-06,8.3e-06,8.6e-06,1411315101071.0,252171
2025-11-27,8.59e-06,8.86e-06,8.51e-06,8.76e-06,860749762146.0,139932
2025-11-28,8.76e-06,9.13e-06,8.6e-06,8.64e-06,1204917836626.0,276422
2025-11-29,8.64e-06,8.67e-06,8.42e-06,8.53e-06,585268195407.0,128872
2025-11-30,8.53e-06,8.63e-06,8.36e-06,8.37e-06,543576474050.0,120524
2025-12-01,8.37e-06,8.38e-06,7.85e-06,7.97e-06,1600054127953.0,444181
2025-12-02,7.97e-06,8.58e-06,7.88e-06,8.46e-06,1204532935741.0,334200
2025-12-03,8.46e-06,9.52e-06,8.44e-06,8.97e-06,2806588688289.0,602270
2025-12-04,8.97e-06,9.03e-06,8.56e-06,8.7e-06,927478219224.0,291696
2025-12-05,8.7e-06,8.78e-06,8.14e-06,8.3e-06,1130463927619.0,336990
2025-12-06,8.3e-06,8.63e-06,8.26e-06,8.43e-06,927813609266.0,233629
2025-12-07,8.43e-06,8.58e-06,8.19e-06,8.34e-06,777529771986.0,320704
2025-12-08,8.33e-06,8.63e-06,8.28e-06,8.58e-06,906400895300.0,326678
2025-12-09,8.58e-06,9.05e-06,8.42e-06,8.73e-06,1221888707111.0,406412
2025-12-10,8.72e-06,8.93e-06,8.47e-06,8.54e-06,1385004180313.0,450979
2025-12-11,8.54e-06,8.62e-06,8.17e-06,8.5e-06,984474909040.0,322808
2025-12-12,8.51e-06,8.51e-06,8.06e-06,8.28e-06,868585211614.0,249985
2025-12-13,8.28e-06,8.45e-06,8.27e-06,8.35e-06,562106578059.0,86800
2025-12-14,8.36e-06,8.39e-06,7.98e-06,8.07e-06,714374329399.0,156216
2025-12-15,8.08e-06,8.27e-06,7.71e-06,7.9e-06,1020193229527.0,353454
2025-12-16,7.9e-06,8e-06,7.72e-06,7.86e-06,828967469665.0,259827
2025-12-17,7.86e-06,8.05e-06,7.46e-06,7.53e-06,1046136248152.0,381053
2025-12-18,7.53e-06,7.54e-06,7e-06,7.03e-06,2274738470427.0,498736
2025-12-19,7.04e-06,7.66e-06,7e-06,7.52e-06,1399279931478.0,291858
2025-12-20,7.52e-06,7.52e-06,7.4e-06,7.43e-06,527166476927.0,76657
2025-12-21,7.43e-06,7.46e-06,7.18e-06,7.28e-06,574483773667.0,147154
2025-12-22,7.29e-06,7.44e-06,7.15e-06,7.2e-06,916383064138.0,264045
2025-12-23,7.2e-06,7.28e-06,7.04e-06,7.12e-06,789795244103.0,180777
2025-12-24,7.12e-06,7.29e-06,6.98e-06,7.21e-06,853494837049.0,126976
2025-12-25,7.21e-06,7.29e-06,7.05e-06,7.06e-06,819779328480.0,101557
2025-12-26,7.06e-06,7.3e-06,7.02e-06,7.12e-06,1212197882873.0,169078
2025-12-27,7.12e-06,7.4e-06,7.1e-06,7.38e-06,745002001824.0,76014
2025-12-28,7.39e-06,7.41e-06,7.26e-06,7.4e-06,692031721963.0,94555
2025-12-29,7.4e-06,7.57e-06,7.17e-06,7.19e-06,965553953602.0,227450
2025-12-30,7.19e-06,7.26e-06,7.07e-06,7.1e-06,712412627136.0,134401
2025-12-31,7.1e-06,7.14e-06,6.82e-06,6.91e-06,1153675638332.0,135436
2026-01-01,6.91e-06,7.53e-06,6.9e-06,7.46e-06,1303189543402.0,152435
2026-01-02,7.47e-06,8.31e-06,7.34e-06,8.12e-06,2770090970410.0,544444
2026-01-03,8.12e-06,8.22e-06,7.83e-06,8.09e-06,1365413525168.0,247536
2026-01-04,8.09e-06,9.41e-06,8.07e-06,9.05e-06,4104787011424.0,887793
2026-01-05,9.04e-06,1.009e-05,8.58e-06,9.27e-06,5226327992949.0,1057186
2026-01-06,9.27e-06,9.63e-06,8.82e-06,9.13e-06,3031580026288.0,718926
2026-01-07,9.12e-06,9.25e-06,8.71e-06,8.79e-06,1324254720980.0,515617
2026-01-08,8.79e-06,8.87e-06,8.48e-06,8.75e-06,1279041422724.0,447421
2026-01-09,8.75e-06,8.88e-06,8.54e-06,8.67e-06,845591577542.0,387669
2026-01-10,8.67e-06,8.75e-06,8.56e-06,8.65e-06,447397956367.0,121046
2026-01-11,8.66e-06,8.73e-06,8.35e-06,8.46e-06,667791448331.0,167459
2026-01-12,8.46e-06,8.76e-06,8.26e-06,8.38e-06,978558240926.0,404152
2026-01-13,8.37e-06,9.12e-06,8.37e-06,8.99e-06,1484741486025.0,427529
2026-01-14,8.99e-06,9.06e-06,8.65e-06,8.73e-06,2115944514016.0,450743
2026-01-15,8.73e-06,8.76e-06,8.29e-06,8.42e-06,1034689669522.0,311911
2026-01-16,8.42e-06,8.61e-06,8.14e-06,8.56e-06,704885255922.0,218890
2026-01-17,8.56e-06,8.6e-06,8.43e-06,8.49e-06,515587553878.0,118658
2026-01-18,8.48e-06,8.53e-06,8.07e-06,8.09e-06,633230566832.0,189871
2026-01-19,8.1e-06,8.14e-06,7.45e-06,8.14e-06,1718288576647.0,350935
2026-01-20,8.14e-06,8.15e-06,7.65e-06,7.73e-06,1166778031431.0,365077
2026-01-21,7.73e-06,8.17e-06,7.66e-06,7.99e-06,1282336579610.0,457418
2026-01-22,7.98e-06,8.08e-06,7.74e-06,7.83e-06,761062016645.0,212419
2026-01-23,7.83e-06,8.15e-06,7.75e-06,7.89e-06,961111821055.0,266833
2026-01-24,7.89e-06,7.92e-06,7.77e-06,7.82e-06,509846804631.0,76733
2026-01-25,7.82e-06,7.84e-06,7.36e-06,7.51e-06,862793966801.0,225411
2026-01-26,7.51e-06,7.79e-06,7.51e-06,7.7e-06,798166925964.0,211343
2026-01-27,7.7e-06,7.9e-06,7.62e-06,7.83e-06,792818078560.0,167426
2026-01-28,7.83e-06,7.88e-06,7.7e-06,7.8e-06,963252623485.0,200210
2026-01-29,7.81e-06,7.82e-06,7.21e-06,7.36e-06,1471021107467.0,274969
2026-01-30,7.36e-06,7.38e-06,7.1e-06,7.24e-06,1811385167043.0,392176
2026-01-31,7.23e-06,7.24e-06,6.16e-06,6.81e-06,3226907261117.0,605471
2026-02-01,6.8e-06,6.91e-06,6.47e-06,6.63e-06,1703645605049.0,458927
2026-02-02,6.62e-06,7.03e-06,6.46e-06,6.87e-06,1709877139766.0,599107
2026-02-03,6.88e-06,7.03e-06,6.48e-06,6.7e-06,2572600663570.0,459006
2026-02-04,6.7e-06,6.84e-06,6.48e-06,6.63e-06,1696808421002.0,495339
2026-02-05,6.63e-06,6.7e-06,5.58e-06,5.62e-06,3986535038266.0,1114316
2026-02-06,5.62e-06,6.42e-06,5.07e-06,6.32e-06,3575386665953.0,838658
2026-02-07,6.32e-06,6.43e-06,6.01e-06,6.33e-06,2141380976935.0,381972
2026-02-08,6.33e-06,6.33e-06,6.06e-06,6.11e-06,828770267047.0,201340
2026-02-09,6.12e-06,6.21e-06,5.9e-06,6.1e-06,1199319457809.0,255027
2026-02-10,6.11e-06,6.14e-06,5.95e-06,6.01e-06,1109390716434.0,190481
2026-02-11,6.01e-06,6.06e-06,5.75e-06,5.91e-06,1521200412439.0,323594
2026-02-12,5.91e-06,6.19e-06,5.91e-06,6.05e-06,1236415769326.0,262899
2026-02-13,6.05e-06,6.41e-06,5.94e-06,6.32e-06,1244432843530.0,201882
2026-02-14,6.32e-06,7.25e-06,6.29e-06,7.03e-06,1823121789913.0,298276
2026-02-15,7.03e-06,7.16e-06,6.42e-06,6.54e-06,1978325721745.0,422936
2026-02-16,6.55e-06,6.7e-06,6.43e-06,6.58e-06,1429482630416.0,298461
2026-02-17,6.58e-06,6.62e-06,6.42e-06,6.51e-06,964708577121.0,240247
2026-02-18,6.51e-06,6.56e-06,6.26e-06,6.3e-06,728740441302.0,202609
2026-02-19,6.3e-06,6.34e-06,6.12e-06,6.21e-06,796182560023.0,207379
2026-02-20,6.21e-06,6.53e-06,6.17e-06,6.42e-06,1920094032295.0,334333
2026-02-21,6.42e-06,6.62e-06,6.38e-06,6.39e-06,532194222601.0,144111
2026-02-22,6.39e-06,6.39e-06,6.13e-06,6.19e-06,1236866406215.0,116258
2026-02-23,6.2e-06,6.24e-06,5.9e-06,6.02e-06,1114145596305.0,307761
2026-02-24,6.02e-06,6.05e-06,5.86e-06,5.9e-06,763919551602.0,224610
2026-02-25,5.9e-06,6.54e-06,5.89e-06,6.23e-06,1625284311229.0,381854
2026-02-26,6.23e-06,6.28e-06,5.88e-06,5.97e-06,1993104324630.0,322763
2026-02-27,5.97e-06,6.09e-06,5.68e-06,5.78e-06,1519809624970.0,262033
2026-02-28,5.79e-06,5.84e-06,5.44e-06,5.78e-06,1756441408460.0,360661
2026-03-01,5.79e-06,5.96e-06,5.44e-06,5.54e-06,1336933001557.0,294576
2026-03-02,5.53e-06,5.8e-06,5.45e-06,5.5e-06,1788407448595.0,397801
2026-03-03,5.51e-06,5.57e-06,5.26e-06,5.48e-06,2685484960763.0,370431
2026-03-04,5.47e-06,5.86e-06,5.4e-06,5.7e-06,2422347335598.0,393335
2026-03-05,5.71e-06,5.72e-06,5.44e-06,5.52e-06,1053228175814.0,268982
2026-03-06,5.53e-06,5.62e-06,5.31e-06,5.41e-06,1007552159984.0,219108
2026-03-07,5.41e-06,5.44e-06,5.29e-06,5.32e-06,503791328289.0,76920
2026-03-08,5.33e-06,5.39e-06,5.23e-06,5.29e-06,878753636265.0,159733
2026-03-09,5.29e-06,5.58e-06,5.27e-06,5.42e-06,1069459638029.0,265371
2026-03-10,5.42e-06,6.08e-06,5.41e-06,5.65e-06,2949412122100.0,447202
2026-03-11,5.65e-06,5.9e-06,5.58e-06,5.73e-06,1620641630372.0,260577
2026-03-12,5.73e-06,6.06e-06,5.69e-06,5.92e-06,1740567542307.0,232385
2026-03-13,5.92e-06,6.3e-06,5.89e-06,5.94e-06,1763832832722.0,277832
2026-03-14,5.94e-06,6e-06,5.82e-06,5.88e-06,541502241757.0,79242
2026-03-15,5.89e-06,5.97e-06,5.78e-06,5.94e-06,684466828544.0,106112
2026-03-16,5.95e-06,6.44e-06,5.94e-06,6.19e-06,1963101183548.0,381746
2026-03-17,6.19e-06,6.25e-06,5.95e-06,6.06e-06,1085266506275.0,206537
2026-03-18,6.07e-06,6.22e-06,5.71e-06,5.82e-06,1384123708252.0,213802
2026-03-19,5.83e-06,5.86e-06,5.62e-06,5.81e-06,797553719578.0,139827
2026-03-20,5.8e-06,6.22e-06,5.8e-06,5.96e-06,1877789687932.0,288817
2026-03-21,5.96e-06,6.08e-06,5.82e-06,5.86e-06,668814336351.0,95566
2026-03-22,5.85e-06,5.9e-06,5.65e-06,5.71e-06,724936855490.0,148910
2026-03-23,5.71e-06,6.21e-06,5.69e-06,6.11e-06,1971600852262.0,347120
2026-03-24,6.11e-06,6.26e-06,5.99e-06,6.2e-06,1363341423533.0,196713
2026-03-25,6.2e-06,6.28e-06,6.09e-06,6.13e-06,857435244727.0,121623
2026-03-26,6.13e-06,6.14e-06,5.84e-06,5.92e-06,720166194751.0,101266
2026-03-27,5.92e-06,5.96e-06,5.73e-06,5.78e-06,883475343537.0,98259
2026-03-28,5.77e-06,5.98e-06,5.71e-06,5.83e-06,674531956362.0,82694
2026-03-29,5.83e-06,5.87e-06,5.64e-06,5.78e-06,560869729154.0,86311
2026-03-30,5.79e-06,6.16e-06,5.78e-06,5.92e-06,1234279838913.0,171434
2026-03-31,5.93e-06,6.02e-06,5.82e-06,5.96e-06,899527664740.0,143012
2026-04-01,5.95e-06,6.13e-06,5.89e-06,6e-06,880413745445.0,132996
2026-04-02,6.01e-06,6.05e-06,5.77e-06,5.87e-06,1168130116011.0,151289
2026-04-03,5.87e-06,6.09e-06,5.82e-06,5.98e-06,961031105884.0,108972
2026-04-04,5.99e-06,6.05e-06,5.85e-06,5.99e-06,708425756920.0,58085
2026-04-05,5.99e-06,6e-06,5.79e-06,6e-06,957121797690.0,81428
2026-04-06,5.99e-06,6.1e-06,5.8e-06,5.83e-06,1216990253429.0,143634
2026-04-07,5.83e-06,6.18e-06,5.78e-06,6.14e-06,1408385378583.0,148843
2026-04-08,6.14e-06,6.18e-06,5.92e-06,5.93e-06,926645074480.0,105978
2026-04-09,5.94e-06,6.06e-06,5.81e-06,5.91e-06,1384422468464.0,134817
2026-04-10,5.91e-06,6.06e-06,5.85e-06,5.96e-06,838011914336.0,103341
2026-04-11,5.97e-06,6.06e-06,5.88e-06,5.95e-06,835766592282.0,85187
2026-04-12,5.95e-06,5.96e-06,5.74e-06,5.77e-06,944544822342.0,91063
2026-04-13,5.77e-06,6.02e-06,5.74e-06,6e-06,933340772120.0,104504
2026-04-14,6.01e-06,6.03e-06,5.79e-06,5.83e-06,1267365460901.0,133612
2026-04-15,5.83e-06,6.01e-06,5.81e-06,5.96e-06,891863359151.0,89595
2026-04-16,5.96e-06,6.39e-06,5.94e-06,6.27e-06,2171471702279.0,259345
2026-04-17,6.26e-06,6.31e-06,6.15e-06,6.17e-06,255903571384.0,28417
